Video Heading,Total Views,Video Uploaded,Video Link
Video Heading,Total Views,Video Uploaded,Video Link
Scientists Discovered a Monstrous Black Hole Close to Earth,54K views,1 day ago,https://www.youtube.com/watch?v=RU_1Fh8cU68
What If You Stopped Drinking Water?,32K views,4 days ago,https://www.youtube.com/watch?v=nFax7zvmKRM
Things You Were Lied to About Space,163K views,8 days ago,https://www.youtube.com/watch?v=UKTHKQobJRg
What If We Killed All Ticks?,38K views,11 days ago,https://www.youtube.com/watch?v=Xuy9ErwHE40
What If You Built Your Own Periodic Table?,32K views,2 weeks ago,https://www.youtube.com/watch?v=Rpqi1pUHAr4
Scientists Discovered the Most Terrifying Planet That Looks Like Earth,186K views,2 weeks ago,https://www.youtube.com/watch?v=z6gd-aSOerk
What If Trump Was Arrested?,70K views,3 weeks ago,https://www.youtube.com/watch?v=5cotZvpym2g
What If Earth's Core Stopped Spinning?,93K views,3 weeks ago,https://www.youtube.com/watch?v=NJSIeNXADKQ
What If We Cut Earth in Half?,83K views,4 weeks ago,https://www.youtube.com/watch?v=5VkQyR5B6H0
What If Everything You Knew About the Universe Is Wrong?,332K views,1 month ago,https://www.youtube.com/watch?v=UB2g4r5lpYw
What If You Ate Cordyceps From The Last Of Us?,99K views,1 month ago,https://www.youtube.com/watch?v=SBpbgv0uCv0
Why Can’t You Walk On Saturn?,83K views,1 month ago,https://www.youtube.com/watch?v=p2JdLhHAmkY
What If Megalodon Fought Titanoboa?,87K views,1 month ago,https://www.youtube.com/watch?v=pKd9oyn9tyw
What If You Saw a Star Being Born?,106K views,1 month ago,https://www.youtube.com/watch?v=eZqyt2_aMXc
What If Humans Evolved Backward?,63K views,1 month ago,https://www.youtube.com/watch?v=vTrq0VAaxIw
Scientists Discovered the Best Way to Travel the Universe,42K views,1 month ago,https://www.youtube.com/watch?v=-HjtgJDVOck
What If the Yellowstone Volcano Erupted Tomorrow? #Shorts,23K views,1 month ago,https://www.youtube.com/watch?v=jR6q8cK40K4
What If Jupiter and Uranus Collided?,256K views,1 month ago,https://www.youtube.com/watch?v=NiS6_K-GHxs
What If Earth Orbited the Sun at the Speed of Light?,181K views,2 months ago,https://www.youtube.com/watch?v=KOesl24s-Go
What If You Dumped an Iceberg Into a Volcano? #Shorts,16K views,2 months ago,https://www.youtube.com/watch?v=rBKdJ1dcTZU
What Happens if a Nuke Hits Near You?,162K views,2 months ago,https://www.youtube.com/watch?v=6joLcxe10JA
What If TikTok Was Banned?,61K views,2 months ago,https://www.youtube.com/watch?v=yXjGuF1z-PE
What If Every Planet Had a Twin?,17K views,2 months ago,https://www.youtube.com/watch?v=C02901aG-zA
The Most Extreme Cold Scenarios Ever,45K views,2 months ago,https://www.youtube.com/watch?v=c3iK3Ib41j0
The Last of Us in Real Life,342K views,2 months ago,https://www.youtube.com/watch?v=T2vaMpbnwUc
What If You Fell Into a Black Neutron Star?,95K views,2 months ago,https://www.youtube.com/watch?v=X8i2La5F9mU
What If the Planets Were Knocked off Course?,53K views,2 months ago,https://www.youtube.com/watch?v=P9F2IZTyg5c
What If Jupiter and Mars Switched Orbits?,82K views,2 months ago,https://www.youtube.com/watch?v=a-oerLiv7BM
What If You Fell Into Jupiter’s Red Spot?,77K views,2 months ago,https://www.youtube.com/watch?v=O1WLJTlESW4
Could Every Planet in the Solar System Have a Twin?,115K views,2 months ago,https://www.youtube.com/watch?v=2V1Xc26Vsqo
Where Will We Go After Earth Becomes Uninhabitable?,237K views,2 months ago,https://www.youtube.com/watch?v=V8vCez3ZR3g
What If Mars Was Half Land and Half Water?,120K views,3 months ago,https://www.youtube.com/watch?v=AnhDh1KABfA
What If You Hibernated for 100 Years?,100K views,3 months ago,https://www.youtube.com/watch?v=8ewLnwTnmgo
What If You Drank Only Water for the Rest of Your Life?,351K views,3 months ago,https://www.youtube.com/watch?v=AcoWd509DgQ
What If We Killed All Snakes?,117K views,3 months ago,https://www.youtube.com/watch?v=f613nt5leHc
What If There's Life on Kepler 69c?,258K views,3 months ago,https://www.youtube.com/watch?v=KdCOzok96Tc
What If Earth Orbited Jupiter?,168K views,3 months ago,https://www.youtube.com/watch?v=5DvfLaESRxc
What If the Universe Is Conscious?,262K views,3 months ago,https://www.youtube.com/watch?v=Jw7APb4YH_s
Scientists Discovered Planets Even Better for Life Than Earth,3.3M views,3 months ago,https://www.youtube.com/watch?v=QAzAqN2jJrw
What If Earth Was As Small as Pluto?,138K views,4 months ago,https://www.youtube.com/watch?v=1kn87ntfmCc
Avatar’s Pandora in Real Life is Terrifying,427K views,4 months ago,https://www.youtube.com/watch?v=eKZIJK_rS7U
What If Humans Suddenly Went Extinct?,239K views,4 months ago,https://www.youtube.com/watch?v=yuOKTZISXhc
What If Earth Reached Boiling Point for 5 Seconds?,83K views,4 months ago,https://www.youtube.com/watch?v=2hzYXwiJ6nQ
What If You Traveled Through a Black Hole?,310K views,4 months ago,https://www.youtube.com/watch?v=_Zc-NE8pmtg
What If Earth’s Population Lived in the Same Skyscraper?,185K views,4 months ago,https://www.youtube.com/watch?v=gjz8k9h-sdk
What If You Crashed on an Alien Planet?,161K views,4 months ago,https://www.youtube.com/watch?v=xqtbs05OdYU
Top 10 Events That Will End the World,850K views,4 months ago,https://www.youtube.com/watch?v=ItYE6y0zMgI
What If the Moon Orbited Earth Faster?,106K views,4 months ago,https://www.youtube.com/watch?v=fZWmAatx5EY
What If Earth Was a Spaceship?,72K views,5 months ago,https://www.youtube.com/watch?v=JNCiDqSxfpA
What If All Underwater Volcanoes Erupted?,104K views,5 months ago,https://www.youtube.com/watch?v=0XPD_akfAs0
What If Lizard People Ruled the World?,80K views,5 months ago,https://www.youtube.com/watch?v=aPb4VY-nxJ4
What If We Nuked Jupiter?,621K views,5 months ago,https://www.youtube.com/watch?v=XM91I13ni9c
What If Cthulhu Was Real?,136K views,5 months ago,https://www.youtube.com/watch?v=pK-jhPcVWtI
What If Earth Gradually Came to a Standstill?,621K views,5 months ago,https://www.youtube.com/watch?v=BZAT7gfPYbg
What If Jupiter Collided With Earth?,258K views,5 months ago,https://www.youtube.com/watch?v=BQ1pPfWLIZ0
What If Aliens Lived on The Moon?,76K views,5 months ago,https://www.youtube.com/watch?v=MgG5u84awUM
What If Earth’s Oceans Evaporated?,112K views,5 months ago,https://www.youtube.com/watch?v=8ChvfpMhOns
What If Kepler 22-b Was in Our Solar System?,397K views,6 months ago,https://www.youtube.com/watch?v=bi6H7WvVe3Q
What If The Empire State Building Was Swallowed by a Sinkhole?,63K views,6 months ago,https://www.youtube.com/watch?v=OhwjAjA0aqo
What If the Largest Black Hole Entered Our Solar System?,231K views,6 months ago,https://www.youtube.com/watch?v=FdRnyh4kL-A
What If We Built a Bridge Into Space?,79K views,6 months ago,https://www.youtube.com/watch?v=_RW0L9Tz1dc
Have Historians Discovered a Secret Civilization in the Amazon?,87K views,6 months ago,https://www.youtube.com/watch?v=qPKa9nGPvVQ
What If Earth Was a Pulsar Planet?,149K views,6 months ago,https://www.youtube.com/watch?v=KJY22DmpJeE
What If You Visited the Galaxy’s Most Dangerous Planet?,582K views,6 months ago,https://www.youtube.com/watch?v=YsNH1CLbRK0
What If All Helium Disappeared for 5 Seconds?,155K views,6 months ago,https://www.youtube.com/watch?v=j0xnvUDikFM
What If Earth Had Jupiter’s Atmosphere?,129K views,6 months ago,https://www.youtube.com/watch?v=eWix7fw30N8
What If You Were Caught in a Riptide?,127K views,6 months ago,https://www.youtube.com/watch?v=enxWxb1owjY
What If the Megalodon Shark Never Went Extinct?,127K views,7 months ago,https://www.youtube.com/watch?v=7MC2rhedZAc
What If Earth Was Half Land and Half Water?,763K views,7 months ago,https://www.youtube.com/watch?v=z8n56khr96E
What If You Drank Radioactive Tritium?,170K views,7 months ago,https://www.youtube.com/watch?v=u4caZBQGXJk
What Happens When the Queen Dies?,4.7M views,7 months ago,https://www.youtube.com/watch?v=7LM8O4RdxMo
What If We Entered a New Ice Age?,188K views,7 months ago,https://www.youtube.com/watch?v=xMj06vXcHh8
What If You Fell into a Yellowstone Hot Spring?,117K views,7 months ago,https://www.youtube.com/watch?v=lge8_9H83r4
What If Latin America Was a Single Country?,60K views,7 months ago,https://www.youtube.com/watch?v=bJpow85ACWk
What If Giant Bugs Roamed the Earth?,146K views,7 months ago,https://www.youtube.com/watch?v=IdqB1yCgLEE
What If You Lived in the Stone Age?,102K views,7 months ago,https://www.youtube.com/watch?v=vS5BmHsuvvk
What If You Touched Absolute Zero? #Shorts,42K views,7 months ago,https://www.youtube.com/watch?v=6n4X9Jyzfdc
What If South America and Africa Joined Together?,87K views,7 months ago,https://www.youtube.com/watch?v=U7G338Kt52w
What If You Ate Nothing But Caviar for a Month? #shorts,25K views,7 months ago,https://www.youtube.com/watch?v=3iSjyK0GlhE
What If All the Planets Doubled in Size?,482K views,7 months ago,https://www.youtube.com/watch?v=Iw6urB9l400
What If You Swallowed Gallium? #Shorts,22K views,7 months ago,https://www.youtube.com/watch?v=VT7RpAIJe1M
Most Dangerous Things You Could Jump Into,393K views,7 months ago,https://www.youtube.com/watch?v=0ZKN2LISjQw
What If You Were Sucked Into a Fire Tornado?,69K views,7 months ago,https://www.youtube.com/watch?v=QIEhOdgKm1I
What If Yellowstone Erupted Tomorrow? #Shorts,51K views,7 months ago,https://www.youtube.com/watch?v=bT27XCiC1vM
What If a Rogue Star Collided With the Sun?,190K views,7 months ago,https://www.youtube.com/watch?v=BmCZE2BhezQ
What If You Dumped an Iceberg into a Volcano? #Shorts,35K views,7 months ago,https://www.youtube.com/watch?v=QZYkGxJT0FM
What If Earth Had Jupiter's Magnetic Field?,195K views,8 months ago,https://www.youtube.com/watch?v=AsucNiLkW_s
What If South America Disappeared?,204K views,8 months ago,https://www.youtube.com/watch?v=Q_6MCNS44rA
What If the Argentinosaurus Was Alive Today?,158K views,8 months ago,https://www.youtube.com/watch?v=d2UWhA66PDs
What If You Had Eyes Like a Fly?,119K views,8 months ago,https://www.youtube.com/watch?v=kMujLnWzpVA
What If We Created the Next Human Species?,109K views,8 months ago,https://www.youtube.com/watch?v=imBdWaSDeec
What If You Took a Ride on Halley's Comet?,156K views,8 months ago,https://www.youtube.com/watch?v=6RRcd6JEmiA
What If You Were Attacked by a Komodo Dragon?,156K views,8 months ago,https://www.youtube.com/watch?v=hQbFPbpZT6w
What If Olympus Mons Was Located in South America?,956K views,8 months ago,https://www.youtube.com/watch?v=G-Je-ZWOXyc
What If Jupiter Collided With the Smallest Star?,735K views,8 months ago,https://www.youtube.com/watch?v=GzhVnp0trPY
What If We Nuked the Sun?,329K views,8 months ago,https://www.youtube.com/watch?v=eEzJ68E4750
What If We Had To Rebuild Human Society From Scratch?,111K views,8 months ago,https://www.youtube.com/watch?v=N9U6A6OI-b4
What If We Brought Dinosaurs Back From Extinction?,171K views,8 months ago,https://www.youtube.com/watch?v=fKBlxyoSezo
What If Everything You Touched Turned Into Gold?,171K views,9 months ago,https://www.youtube.com/watch?v=lac65G5HqZ0
What If an Asteroid Cracked the Moon in Half?,365K views,9 months ago,https://www.youtube.com/watch?v=1PA-jtO9R7A
What If We Stopped Procreating for 50 Years?,120K views,9 months ago,https://www.youtube.com/watch?v=cBWkOySvxWE
What If You Could Power a Spaceship with Antimatter?,123K views,9 months ago,https://www.youtube.com/watch?v=OB5eZpD1w1g
What If You Lived on Kepler 22-b?,2.7M views,9 months ago,https://www.youtube.com/watch?v=3a48xkXT9p0
What If a Tornado Hit a Hurricane?,1M views,9 months ago,https://www.youtube.com/watch?v=dSYkMnwwHGE
What If the Earth Was Always Facing the Sun?,214K views,9 months ago,https://www.youtube.com/watch?v=NPsdHEsg7gM
What If Jupiter's Storm Existed on Earth?,340K views,9 months ago,https://www.youtube.com/watch?v=qO9gS_JlGe4
What If You Mated With an Alien?,113K views,9 months ago,https://www.youtube.com/watch?v=9tzf6G7IyCQ
What If Mt. Fuji Exploded Tomorrow?,310K views,9 months ago,https://www.youtube.com/watch?v=BK-CZy1a1qQ
What If We Replaced Our Moon With a Disco Ball?,133K views,9 months ago,https://www.youtube.com/watch?v=a8tOKtSGuXY
What If Putin Never Came to Power?,54K views,9 months ago,https://www.youtube.com/watch?v=8Q24SL-h4uo
What If You Aged Backwards?,127K views,9 months ago,https://www.youtube.com/watch?v=7vNnW004BvY
What If Aliens Came to Earth a Million Years in the Future?,132K views,10 months ago,https://www.youtube.com/watch?v=q0959gQxkls
What If You Swallowed the World's Most Powerful Magnet?,164K views,10 months ago,https://www.youtube.com/watch?v=sT9_iy3tg2o
What If Styxosaurus Was Alive?,772K views,10 months ago,https://www.youtube.com/watch?v=DaMSNaoWzdE
What If We Went on a Search for Alien Life?,134K views,10 months ago,https://www.youtube.com/watch?v=6qtXbSts_7g
What If You Got Monkeypox?,163K views,10 months ago,https://www.youtube.com/watch?v=MAvCCskPp10
What If Venus and Mars Swapped Orbits?,517K views,10 months ago,https://www.youtube.com/watch?v=LAGsa2mT_xo
What If There Were Aliens at the Bottom of the Mariana Trench?,166K views,10 months ago,https://www.youtube.com/watch?v=SEhH7XJAjq8
What If We Brought Europa's Ocean Water to Earth?,374K views,10 months ago,https://www.youtube.com/watch?v=bhP1IN4cod4
What If You Had Camouflage Skin?,56K views,10 months ago,https://www.youtube.com/watch?v=6XtMfif98Hs
What If the Earth Was Spinning on Its Side?,222K views,10 months ago,https://www.youtube.com/watch?v=AUHO1hj2F5A
What If the Sun Was a Blue Star?,702K views,10 months ago,https://www.youtube.com/watch?v=wmNkSRP14zc
What If the Moon Was Flat?,211K views,10 months ago,https://www.youtube.com/watch?v=ZqsM-bOWd3k
What If You Didn't Blink for a Week?,189K views,11 months ago,https://www.youtube.com/watch?v=GP0B_JWFPvM
What If Humans Were Silicon-Based Instead of Carbon-Based?,378K views,11 months ago,https://www.youtube.com/watch?v=gEARGxOqx30
What If You Were Born on the Moon?,190K views,11 months ago,https://www.youtube.com/watch?v=b2InQ9ANaAA
What if Earth Dropped to Absolute Zero for 5 Seconds?,911K views,11 months ago,https://www.youtube.com/watch?v=AtkEuWDPCJs
What If We Put Solar Panels Around the Sun?,383K views,11 months ago,https://www.youtube.com/watch?v=nZf5DIdtzK4
What If You Were Attacked by a T. rex?,109K views,11 months ago,https://www.youtube.com/watch?v=qpCAE0GKPDs
What If You Lived in the Hottest Place on Earth?,143K views,11 months ago,https://www.youtube.com/watch?v=6wNJfcDW95E
What If Earth Was Sandwiched Between Two Asteroid Belts?,126K views,11 months ago,https://www.youtube.com/watch?v=lzhsVa6J874
What If You Visited Earth's Next Space Station?,64K views,11 months ago,https://www.youtube.com/watch?v=Bfkkx2kYhnc
What If the Megalodon Shark Fought the Leviathan Whale?,268K views,11 months ago,https://www.youtube.com/watch?v=fUJl7L_FLIc
What If the Sun Collided With a Black Hole?,541K views,11 months ago,https://www.youtube.com/watch?v=6uZe7nURxcw
What If You Fell Into Lake Nyos?,161K views,11 months ago,https://www.youtube.com/watch?v=TToZQF6ybyw
What If You Didn't Sleep For a Week?,302K views,1 year ago,https://www.youtube.com/watch?v=NdSXjqsjAxk
What If Russia Crashed the International Space Station?,291K views,1 year ago,https://www.youtube.com/watch?v=unFajFjrmzg
What If the Earth Was a Polyhedron?,188K views,1 year ago,https://www.youtube.com/watch?v=022WMJWpzJE
What If Russia Launched a Nuke?,553K views,1 year ago,https://www.youtube.com/watch?v=J0X63nPRcro
What If You Survived the End of the Solar System?,624K views,1 year ago,https://www.youtube.com/watch?v=HgDV-JKnCXM
What If You Spent a Month on Snake Island?,164K views,1 year ago,https://www.youtube.com/watch?v=g7YRJBYaeV8
What If the Largest Asteroid Hit Earth?,1.3M views,1 year ago,https://www.youtube.com/watch?v=7_sVAcX-ueE
What If You Jumped on Every Planet in the Solar System?,140K views,1 year ago,https://www.youtube.com/watch?v=czDVJbKwtjY
What If You Lived in a Cosmic Skyscraper?,137K views,1 year ago,https://www.youtube.com/watch?v=fKejN9m0RYE
What If We Could Turn Deserts Into Farmland?,117K views,1 year ago,https://www.youtube.com/watch?v=-6jT2Z80oH4
What If You Had Three Eyes?,140K views,1 year ago,https://www.youtube.com/watch?v=0LcTkB97dmQ
What If the Earth Had No Core?,213K views,1 year ago,https://www.youtube.com/watch?v=XXh4KfQrlwE
What If You Spent 24 Hours in a Hot Spring?,88K views,1 year ago,https://www.youtube.com/watch?v=S98_QDlSNxg
What If Sea Levels Suddenly Rose 500 Meters?,236K views,1 year ago,https://www.youtube.com/watch?v=IE-bE0ycQaM
What If China Invades Russia?,404K views,1 year ago,https://www.youtube.com/watch?v=-y13SpjMgGE
What If a Marshmallow Hit the Earth at the Speed of Light?,610K views,1 year ago,https://www.youtube.com/watch?v=HTWort9SnGE
What If a Meteorite Crashed Into Your Home?,93K views,1 year ago,https://www.youtube.com/watch?v=irPporjkIUU
What If it Rained Volcanic Glass?,54K views,1 year ago,https://www.youtube.com/watch?v=pZEB5bnMSJI
What If Putin Died?,778K views,1 year ago,https://www.youtube.com/watch?v=MQ5TRdXOtno
What If Everyone Lived for 150 Years?,119K views,1 year ago,https://www.youtube.com/watch?v=vHQO4glvPUk
What If You Touched the Sun?,389K views,1 year ago,https://www.youtube.com/watch?v=gKZDWgk1ds0
What If Birds Were Actually Government Surveillance Drones?,58K views,1 year ago,https://www.youtube.com/watch?v=OdczmQsM4D8
What If You Were in Ukraine Right Now?,284K views,1 year ago,https://www.youtube.com/watch?v=5xYpY-06O_A
What If You Lived on Uranus?,347K views,1 year ago,https://www.youtube.com/watch?v=u4N45v8f7cY
What If You Climbed the Highest Mountain in the Solar System?,177K views,1 year ago,https://www.youtube.com/watch?v=zfSTsSijGpU
What If You Were Attacked by a Bear?,105K views,1 year ago,https://www.youtube.com/watch?v=l714SCNHBME
What If You Never Threw Anything Away?,42K views,1 year ago,https://www.youtube.com/watch?v=XIv98IBiZeI
What If We Nuked the Mariana Trench?,388K views,1 year ago,https://www.youtube.com/watch?v=M99LbLkJL54
What If a Gamma-Ray Burst Hit a Black Hole?,333K views,1 year ago,https://www.youtube.com/watch?v=i93SKYp7HBs
What If You Could Make Spider Web Like Spider-Man?,131K views,1 year ago,https://www.youtube.com/watch?v=D8Fm97KdiT8
What If You Lived in the Paleozoic Era?,344K views,1 year ago,https://www.youtube.com/watch?v=02Ixe4yXWdY
What If the James Webb Telescope Found Alien Life?,258K views,1 year ago,https://www.youtube.com/watch?v=Xhb4gc_r0uU
What If Russia Started World War 3?,2.1M views,1 year ago,https://www.youtube.com/watch?v=HtR2kn6Luds
What If You Were Alive During the Big Bang?,255K views,1 year ago,https://www.youtube.com/watch?v=uGyYuXol0RE
What If Men Could Get Pregnant?,241K views,1 year ago,https://www.youtube.com/watch?v=V0l3UCUqnn4
What If the Oceans Were Made of Gasoline?,109K views,1 year ago,https://www.youtube.com/watch?v=aopJ1wLXjK0
What If Earth Was the Size of Jupiter?,731K views,1 year ago,https://www.youtube.com/watch?v=CpI0Uf-rSVA
What If You Were Sucked Into a Whirlpool?,203K views,1 year ago,https://www.youtube.com/watch?v=BKvMD307rGM
What If All the Planets of the Solar System Were in the Habitable Zone?,1M views,1 year ago,https://www.youtube.com/watch?v=APTFI_nZtHg
"What If You Evolved 1,000 Years in a Day?",323K views,1 year ago,https://www.youtube.com/watch?v=nH6axxup_dc
What If the Multiverse Was Real?,205K views,1 year ago,https://www.youtube.com/watch?v=mYtMMcbQOm8
What If We Could Create a New Planet?,261K views,1 year ago,https://www.youtube.com/watch?v=72yUP4-X-qU
What If the Oceans Caught Fire?,148K views,1 year ago,https://www.youtube.com/watch?v=lgxaEbowblo
What If Mars Had Rings Like Saturn?,173K views,1 year ago,https://www.youtube.com/watch?v=RpQ4P_koNrw
What If Mullaperiyar Dam Suddenly Collapsed?,336K views,1 year ago,https://www.youtube.com/watch?v=7cOdjLi5iFk
What If Aliens are Living Inside Earth?,587K views,1 year ago,https://www.youtube.com/watch?v=HeR2Ghwzn8k
What If All the World's Ice Melted?,490K views,1 year ago,https://www.youtube.com/watch?v=DHxvxY6DlCs
What If You Squat for 24 Hours Straight?,150K views,1 year ago,https://www.youtube.com/watch?v=TMavGifBOEI
What If These 5 Things Disappeared for 5 Seconds?,158K views,1 year ago,https://www.youtube.com/watch?v=YWvHqmM_mVA
What If You Lived in the Matrix?,127K views,1 year ago,https://www.youtube.com/watch?v=6_Yi3nV_zKs
What If a Dark Hydrogen Iceberg Fell to Earth?,383K views,1 year ago,https://www.youtube.com/watch?v=63USsum61-A
The Solar System Song | by the What If Channel,1.8M views,1 year ago,https://www.youtube.com/watch?v=V_DWYbq8oJU
What If We Woke Up Volcanoes to Fight Climate Change?,122K views,1 year ago,https://www.youtube.com/watch?v=MwK7vq5rNN4
What If Everyone's Memories Were Erased?,131K views,1 year ago,https://www.youtube.com/watch?v=sl6e5F8I2bQ
What If Earth’s Atmosphere Ignited Tomorrow?,107K views,1 year ago,https://www.youtube.com/watch?v=4VzfOFsbtP4
What If You Experienced the Most Painful Thing?,189K views,1 year ago,https://www.youtube.com/watch?v=-ZMmvCCnOZ4
What If the Megalodon Was Hiding in the Mariana Trench?,1.3M views,1 year ago,https://www.youtube.com/watch?v=SYYdyLcAALk
What If Jupiter's Moons Scattered Across the Solar System?,154K views,1 year ago,https://www.youtube.com/watch?v=es6Sv4tSx3g
What If the World Lost Oxygen for an Hour?,181K views,1 year ago,https://www.youtube.com/watch?v=IE44PzFW6bU
What If the Earth Stopped Spinning for 5 Seconds?,4.7M views,1 year ago,https://www.youtube.com/watch?v=UJwkj82BJjo
What If the U.S. Started World War III?,281K views,1 year ago,https://www.youtube.com/watch?v=kCYgmbRsmuo
Top 3 Animals That Can Swallow You Whole #Shorts,32K views,1 year ago,https://www.youtube.com/watch?v=JrrrqiCyjhA
What If Ticks Were the Size of Humans?,152K views,1 year ago,https://www.youtube.com/watch?v=cZRSJ2WsfEU
What If You Swallowed All Elements of the Periodic Table?,334K views,1 year ago,https://www.youtube.com/watch?v=Iko-XX1mPUg
What If You Spent a Day on Every Planet in Our Solar System?,1.5M views,1 year ago,https://www.youtube.com/watch?v=WOgatB4daq8
What If You Knew What Would Happen in 100 Years?,306K views,1 year ago,https://www.youtube.com/watch?v=mdYl4GmPxfA
What If We Dumped All Our Trash in the Oceans?,78K views,1 year ago,https://www.youtube.com/watch?v=gsN6UyrNt7A
Top 3 Worst Places to Swim in,224K views,1 year ago,https://www.youtube.com/watch?v=epld84Mydoc
What If You Could Trap a Ghost Like a Ghostbuster?,59K views,1 year ago,https://www.youtube.com/watch?v=xmx1kaEnkIE
What If You Brought Modern Technology to the Middle Ages?,286K views,1 year ago,https://www.youtube.com/watch?v=_7jXnNTQsuY
What If We Moved to Ceres?,212K views,1 year ago,https://www.youtube.com/watch?v=tCJgYMFhiCM
What If Earth Had Jupiter's Moons?,433K views,1 year ago,https://www.youtube.com/watch?v=Q47Hmj_dNKs
What If You Drilled a Hole at the Bottom of the Mariana Trench?,202K views,1 year ago,https://www.youtube.com/watch?v=5ca2_QnbRto
What If You Woke Up During Heart Surgery?,291K views,1 year ago,https://www.youtube.com/watch?v=-KbuuQGvAcM
What If These Three Animals Swallowed You?,454K views,1 year ago,https://www.youtube.com/watch?v=1XfR7qTWbuQ
What If Your Brain Stopped Working for 5 Seconds?,306K views,1 year ago,https://www.youtube.com/watch?v=B4TUfDjZgAY
What If Earth Was the Center of the Solar System?,379K views,1 year ago,https://www.youtube.com/watch?v=TnuAcACv2-E
What If You Could Hear Planets?,471K views,1 year ago,https://www.youtube.com/watch?v=Wm8KKZxiUsg
What If You Were Injected With Graphene?,435K views,1 year ago,https://www.youtube.com/watch?v=kp6-bgvlRhg
What If You Lit a Match on Jupiter?,1.2M views,1 year ago,https://www.youtube.com/watch?v=TvNBQ6pI0BQ
What If Carbon Disappeared for 5 Seconds?,240K views,1 year ago,https://www.youtube.com/watch?v=vCDCIjRpOgY
What If You Spent 100 Years on Mars?,289K views,1 year ago,https://www.youtube.com/watch?v=0BiLc9fvbCk
What If Our DNA Stopped Mutating?,123K views,1 year ago,https://www.youtube.com/watch?v=5RYxdKzG8js
What If Earthquakes Lasted a Year?,127K views,1 year ago,https://www.youtube.com/watch?v=Nr7jhyCoRQ8
What If All Men Disappeared?,266K views,1 year ago,https://www.youtube.com/watch?v=m1AcXj8g_H0
What If a Black Hole Is Already in Our Solar System?,291K views,1 year ago,https://www.youtube.com/watch?v=N3KLklzM4Rc
What If You Got Infected by an Alien Parasite?,396K views,1 year ago,https://www.youtube.com/watch?v=r5_W3q_x2mA
What If There Were Life After Death?,1M views,1 year ago,https://www.youtube.com/watch?v=bD0XEE8CaVg
What If Earth Had 10 Years Left?,592K views,1 year ago,https://www.youtube.com/watch?v=8_GnMFc4IWc
What If You Swallowed Liquid Mercury?,237K views,1 year ago,https://www.youtube.com/watch?v=8U6UpHGhBWk
What If You Didn’t Leave the Bathtub for a Month?,222K views,1 year ago,https://www.youtube.com/watch?v=UGoCI7akGcw
What If You Fell Into Lake Kivu?,170K views,1 year ago,https://www.youtube.com/watch?v=nbIxmY0pyVo
What If You Could Untie Your Belly Button?,335K views,1 year ago,https://www.youtube.com/watch?v=wQA-TFvBO6Y
What If We Poured Concrete Into a Volcano?,284K views,1 year ago,https://www.youtube.com/watch?v=cuAVpJzU2XE
What If Jupiter and Saturn Collided?,2.3M views,1 year ago,https://www.youtube.com/watch?v=q2qh3cmC-No
What If You Moved an Entire City?,90K views,1 year ago,https://www.youtube.com/watch?v=Y6iutoPU4fY
What If You Went Through Puberty in 24 Hours?,181K views,1 year ago,https://www.youtube.com/watch?v=_QoE-OoSAtw
What If Earth Was Spinning at the Speed of Light?,2.7M views,1 year ago,https://www.youtube.com/watch?v=oRAtGDKeyYM
What If 9/11 Happened Again?,505K views,1 year ago,https://www.youtube.com/watch?v=z7TLl5DEol4
What If You Drank Snake Venom?,203K views,1 year ago,https://www.youtube.com/watch?v=ol6SNy5FKQE
What If We Could Reheat the Earth's Core?,648K views,1 year ago,https://www.youtube.com/watch?v=x0pCJvytAec
What If Humans Walked on All Fours?,215K views,1 year ago,https://www.youtube.com/watch?v=N9SK7WmSbz8
Top 5 Events That Could End the World,356K views,1 year ago,https://www.youtube.com/watch?v=pDboOMWYcXc
What If Aliens Brought Life to Earth?,324K views,1 year ago,https://www.youtube.com/watch?v=Ve1ERi5zFA8
What If You Got Swallowed by a Goliath Fish?,1.1M views,1 year ago,https://www.youtube.com/watch?v=zsEJNb_dBcw
What If Our Oceans Froze?,262K views,1 year ago,https://www.youtube.com/watch?v=dasw-xE9WCU
What If You Were Born on Mars?,1.6M views,1 year ago,https://www.youtube.com/watch?v=j1zXN9JMRt4
What If We Stopped Animal Testing?,216K views,1 year ago,https://www.youtube.com/watch?v=nNKRgwHJumM
What If Earth Were Teleported to the Edge of the Universe?,400K views,1 year ago,https://www.youtube.com/watch?v=lh62g5ULsbM
What If a New Continent Formed Tomorrow?,424K views,1 year ago,https://www.youtube.com/watch?v=345ae13DWC8
What If You Were Trapped in a Grocery Store for the Rest of Your Life?,336K views,1 year ago,https://www.youtube.com/watch?v=NYPJ-Dl9ClE
What If Monkeys Took Over the World?,138K views,1 year ago,https://www.youtube.com/watch?v=trUUpSAQFwE
What If Earth Was a Massive Global City?,271K views,1 year ago,https://www.youtube.com/watch?v=HG0SiYr_y_g
What If There Were an Alien Civilization on Proxima b?,658K views,1 year ago,https://www.youtube.com/watch?v=JIjgBRVpy4E
What If You Only Ate Insects for the Rest of Your Life?,105K views,1 year ago,https://www.youtube.com/watch?v=sv1kw08ghN4
What If You Shed Your Skin Like a Snake?,287K views,1 year ago,https://www.youtube.com/watch?v=KZd4KbV0Gg8
What If We Built a Highway in Space?,350K views,1 year ago,https://www.youtube.com/watch?v=XEGEe-_B2CA
What If You Were Bitten by One Million Mosquitoes?,270K views,1 year ago,https://www.youtube.com/watch?v=4nTksfcc8FA
What If You Lost Your Teeth Overnight?,164K views,1 year ago,https://www.youtube.com/watch?v=NYoS8S82KJw
What If the Big Bang Wasn't the Beginning of the Universe?,662K views,1 year ago,https://www.youtube.com/watch?v=3DtdYHWqmqk
What If You Fell Off the World's Tallest Building?,506K views,1 year ago,https://www.youtube.com/watch?v=tsFoxunFCT0
What If Your Tongue Were Twice as Long?,184K views,1 year ago,https://www.youtube.com/watch?v=p7s7GOFLFi4
What If Jupiter Swallowed Every Planet in the Solar System?,1.8M views,1 year ago,https://www.youtube.com/watch?v=dtMWRa2ekEM
What If You Mated With Neanderthals?,377K views,1 year ago,https://www.youtube.com/watch?v=DmTpybKsPTw
What If You Woke up 20 Years in the Future?,225K views,1 year ago,https://www.youtube.com/watch?v=pOus637PXu4
What If Every Black Hole Suddenly Exploded?,325K views,1 year ago,https://www.youtube.com/watch?v=Xv4r7OI66c0
What If America Were Split Apart?,159K views,1 year ago,https://www.youtube.com/watch?v=G6CN9pR2mZE
What If You Could Freeze a Hurricane?,249K views,1 year ago,https://www.youtube.com/watch?v=MfAq8IRUmTA
What If You Drank From Lake Natron?,430K views,1 year ago,https://www.youtube.com/watch?v=cYd0rcE7Kks
What If a Hypercane Formed in the Atlantic Ocean Tomorrow?,321K views,1 year ago,https://www.youtube.com/watch?v=hczr8mDhSFo
What If We Drilled a Hole Through Mars?,293K views,1 year ago,https://www.youtube.com/watch?v=jC0Jz52dJPs
What If Earth Froze Overnight?,305K views,1 year ago,https://www.youtube.com/watch?v=bH9Hi7IQKFg
What If All the Passengers on a Plane Jumped at Once?,329K views,1 year ago,https://www.youtube.com/watch?v=Badwh-33OGk
What If You Swallowed Gallium?,3.7M views,1 year ago,https://www.youtube.com/watch?v=a6hjdIIWCSc
What If You Were Sucked Into a Whale's Blowhole?,158K views,1 year ago,https://www.youtube.com/watch?v=Bsc2RLpe7zE
What If You Ate Nothing But Caviar for a Month?,245K views,1 year ago,https://www.youtube.com/watch?v=FbBcbUob76U
What If You Dumped an Iceberg Into a Volcano?,644K views,1 year ago,https://www.youtube.com/watch?v=aANrphYROMc
What If We Replaced the Moon with Jupiter Overnight?,267K views,1 year ago,https://www.youtube.com/watch?v=5ZQ2BS-56Lk
What If the Ice Age Never Happened?,436K views,1 year ago,https://www.youtube.com/watch?v=FHN8yAnez3w
What If a Megalodon Shark Fought the Kraken?,1.5M views,1 year ago,https://www.youtube.com/watch?v=RtWSfQ5hTxI
What If We Never Landed on the Moon?,202K views,1 year ago,https://www.youtube.com/watch?v=oHkptcypDQA
What If Humans Didn't Have Nails?,352K views,1 year ago,https://www.youtube.com/watch?v=3Ghc7M50Uxw
What If Earth Went Rogue?,614K views,1 year ago,https://www.youtube.com/watch?v=CQBE_eWqE-8
What If You Drilled a Hole Through Earth?,1.7M views,1 year ago,https://www.youtube.com/watch?v=pVeZYgUHU7g
What If the Oceans Lose Oxygen?,151K views,1 year ago,https://www.youtube.com/watch?v=z7_YTlKaGqs
What If Each Planet Replaced Our Moon?,3.3M views,1 year ago,https://www.youtube.com/watch?v=jOQ1shrpz9w
What If We Didn't Have Bones?,3.8M views,1 year ago,https://www.youtube.com/watch?v=UbIN5ZQac4U
What If Walls Could Protect Coastal Cities Against Rising Sea Levels?,518K views,1 year ago,https://www.youtube.com/watch?v=hkjaJtkgawg
What If You Ate an Alien?,254K views,1 year ago,https://www.youtube.com/watch?v=7qDlfXbPuxI
What If You Fell Into Antarctica's Largest Subglacial Lake?,255K views,1 year ago,https://www.youtube.com/watch?v=jIDLZZv7pFQ
What If You Had as Much Money as Jeff Bezos?,382K views,1 year ago,https://www.youtube.com/watch?v=dpe5rd5bsx8
What If We Traveled One Billion Years Into the Past?,1.1M views,1 year ago,https://www.youtube.com/watch?v=5IyGQIgfgBc
What If You Swallowed a Hornet?,425K views,1 year ago,https://www.youtube.com/watch?v=pvjuiZJQxvM
What If Civilization Collapses?,224K views,1 year ago,https://www.youtube.com/watch?v=Bq_Ljlwy5C0
What If a Blazar Entered Our Solar System?,653K views,1 year ago,https://www.youtube.com/watch?v=gHOvNIWfcY8
What If Earth Were Sucked Into a Black Hole?,6M views,1 year ago,https://www.youtube.com/watch?v=KtoefCOBcgg
What If We Raised Dinosaurs for Food?,277K views,1 year ago,https://www.youtube.com/watch?v=T-RxHQDnl_U
What If Bed Bugs Were the Size of Humans?,150K views,1 year ago,https://www.youtube.com/watch?v=TEyt3i8g9WU
What If You Fell Into a Pool of Molten Metal?,174K views,1 year ago,https://www.youtube.com/watch?v=o9XskWtgPmQ
What If it Rained Every Day for a Year?,724K views,1 year ago,https://www.youtube.com/watch?v=qBaY0U_Waas
What If Everyone Was Albino?,333K views,2 years ago,https://www.youtube.com/watch?v=pYFSaFihrUE
Join Our YouTube Membership,48K views,2 years ago,https://www.youtube.com/watch?v=b3xGyyja0z0
What If We Built a City on Mars?,557K views,2 years ago,https://www.youtube.com/watch?v=C1VWwODNpA0
What If We Discovered Earth 2.0?,1.3M views,2 years ago,https://www.youtube.com/watch?v=UIHiQrnRRvQ
What If Everyone Started Inbreeding Tomorrow?,1.1M views,2 years ago,https://www.youtube.com/watch?v=xLP8nXAcRwA
What If You Always Swallow Your Chewing Gum?,649K views,2 years ago,https://www.youtube.com/watch?v=MSJM4dD7EUQ
What If We Had Nuclear-Powered Rockets?,315K views,2 years ago,https://www.youtube.com/watch?v=oo50stwmgQ8
What If Humans Had No Hair?,320K views,2 years ago,https://www.youtube.com/watch?v=tBxzUlpvwSU
What If Titans Were Real? #AttackOnTitan,3M views,2 years ago,https://www.youtube.com/watch?v=WZI8WnR2x90
Thank You to 5 Million of You,107K views,2 years ago,https://www.youtube.com/watch?v=HY9jmBWIV_U
What If You Jumped Into a Pool of Liquid Methane?,152K views,2 years ago,https://www.youtube.com/watch?v=7sXViFRWSbY
What If Your Stomach Acid Disappeared?,5.1M views,2 years ago,https://www.youtube.com/watch?v=o_wkmO7wTFQ
What If the Titanoboa Lived Today?,1.1M views,2 years ago,https://www.youtube.com/watch?v=84HcFg8CXA8
What If Jupiter Lost Its Atmosphere?,745K views,2 years ago,https://www.youtube.com/watch?v=fuoRCh34z1Q
What If COVID-19 Never Disappears?,375K views,2 years ago,https://www.youtube.com/watch?v=bR8r7ZqWvRk
"What If Earth's Atmosphere Became Super-heated to 1,000 Degrees for 5 Seconds?",323K views,2 years ago,https://www.youtube.com/watch?v=go5tG_kSC5M
What If You Cut the Moon in Half?,439K views,2 years ago,https://www.youtube.com/watch?v=LOqUM0ppODc
What If We Could Control Hurricanes?,142K views,2 years ago,https://www.youtube.com/watch?v=7LyQAWLHs2A
What If the Ring of Fire Erupted Right Now?,1.4M views,2 years ago,https://www.youtube.com/watch?v=QniWayRs7pw
What If Lightsabers Were Real?,226K views,2 years ago,https://www.youtube.com/watch?v=7xA4Nzl1-sw
What If You Wore 100 Layers of Makeup?,207K views,2 years ago,https://www.youtube.com/watch?v=5blyttARt6s
What If You Were the Last Child Born on Earth?,291K views,2 years ago,https://www.youtube.com/watch?v=_xKfJHirP14
What If You Flew to Space on a Jetpack?,153K views,2 years ago,https://www.youtube.com/watch?v=rU063xLAXWc
What If We Detonated an Antimatter Bomb on Earth?,435K views,2 years ago,https://www.youtube.com/watch?v=gXsH9f-zW7g
What If There is Alien Life on Jupiter's Moon Europa?,281K views,2 years ago,https://www.youtube.com/watch?v=cS7Z6JXZNrs
"What If You Had 1,000,000 Bitcoins?",384K views,2 years ago,https://www.youtube.com/watch?v=rZnuWQ0IPYQ
What If There Were No Music?,172K views,2 years ago,https://www.youtube.com/watch?v=Z4jIoYLhjJE
What If We Discovered Alien Life on Mars?,1.9M views,2 years ago,https://www.youtube.com/watch?v=x3jQJT0tr4o
What If You Only Ate Red Meat?,221K views,2 years ago,https://www.youtube.com/watch?v=NtBrn5C-_5E
What If You Were the Dirtiest Man on Earth?,269K views,2 years ago,https://www.youtube.com/watch?v=g0FCgcOgQpQ
What If Godzilla Were Real?,1.7M views,2 years ago,https://www.youtube.com/watch?v=t8IkPT6NlBk
What If You Fell Into Neptune?,2.5M views,2 years ago,https://www.youtube.com/watch?v=R5pYI0vjI6k
What If You Were Swallowed by a Hippo?,717K views,2 years ago,https://www.youtube.com/watch?v=xklNdnkOYFw
What If Telepathy Were Real?,161K views,2 years ago,https://www.youtube.com/watch?v=nDjx4oB7UOg
What If You Jumped Into a Pool Full of Honey?,1M views,2 years ago,https://www.youtube.com/watch?v=Gexw7tlfiSE
What If You Could Control Déjà Vu?,232K views,2 years ago,https://www.youtube.com/watch?v=GAwav3sZcGw
What If We Painted Earth White?,538K views,2 years ago,https://www.youtube.com/watch?v=UTAIowkZus0
What If You Touched Absolute Zero?,437K views,2 years ago,https://www.youtube.com/watch?v=9MCUAwmclIY
What If You Held in All Your Farts?,705K views,2 years ago,https://www.youtube.com/watch?v=2IPZzv8tuJ8
What If You Traveled One Billion Years Into the Future?,8.8M views,2 years ago,https://www.youtube.com/watch?v=LXkO4HdQXdo
What If Earth Lost Power for 7 Days?,1M views,2 years ago,https://www.youtube.com/watch?v=2FyjYsgvFM4
What If All Life on Earth Lived in the Oceans?,402K views,2 years ago,https://www.youtube.com/watch?v=UOY_bxvRcVA
What If We Cooled the Earth with Solar Power?,262K views,2 years ago,https://www.youtube.com/watch?v=mS7THWFEOYc
What If We Were a Type III Civilization?,897K views,2 years ago,https://www.youtube.com/watch?v=J6PRCm8MpXA
What If Poltergeists Were Real?,398K views,2 years ago,https://www.youtube.com/watch?v=xvLdP8AD-6c
What If You Traveled to the Hell Planet?,1M views,2 years ago,https://www.youtube.com/watch?v=ayQa-lLLMKc
What If No One Ever Died?,783K views,2 years ago,https://www.youtube.com/watch?v=Nd82bIfix_0
What If We Filled Our Oceans Up With Lava?,256K views,2 years ago,https://www.youtube.com/watch?v=ENcKItJ9Ejw
What If You Didn't Wash Your Hair for a Year?,1.7M views,2 years ago,https://www.youtube.com/watch?v=KobS4zOrIyM
What If Tardigrades Were the Size of Humans?,450K views,2 years ago,https://www.youtube.com/watch?v=t-iKKrSpruw
Discussed: What If You Explored the Deepest Points of Earth? - George Kourounis,96K views,2 years ago,https://www.youtube.com/watch?v=kW1mKbsPV2c
What If We Settled on an Exoplanet?,295K views,2 years ago,https://www.youtube.com/watch?v=7prYpS2CF70
What If a Magnitude 20 Earthquake Hits?,1.8M views,2 years ago,https://www.youtube.com/watch?v=aGREN6-MRfA
What If You Ate Nothing But Sugar for a Month?,501K views,2 years ago,https://www.youtube.com/watch?v=wZ4toWWcHtw
Discussed: What If You Ate Sugar for a Month? - with Gary Taubes,56K views,2 years ago,https://www.youtube.com/watch?v=MJb7-8wqyJY
What If a Supernova Exploded Close to Earth?,1.3M views,2 years ago,https://www.youtube.com/watch?v=Uyh4JP1ELpY
"What If There Were Only 1,000 People Left on Earth?",412K views,2 years ago,https://www.youtube.com/watch?v=UPFRS2u8GPk
What If You Explored the Deepest Points on Earth?,1M views,2 years ago,https://www.youtube.com/watch?v=-_6IP5m5kmE
Discussed: What If We Settled on an Exoplanet? - with Didier Queloz,72K views,2 years ago,https://www.youtube.com/watch?v=C9YjpjCZKc4
What If the Sun Swallowed Earth?,950K views,2 years ago,https://www.youtube.com/watch?v=F3JPsgTmIrA
What If the Loch Ness Monster Is Real?,338K views,2 years ago,https://www.youtube.com/watch?v=22FGC3E5qHw
What If the Earth Was Actually Flat? (Extended),3.4M views,2 years ago,https://www.youtube.com/watch?v=ae4OigBcEiU
What Is the What If 100 Book About?,55K views,2 years ago,https://www.youtube.com/watch?v=FmHtd5bcQH4
What If You Rode a Balloon to Space?,155K views,2 years ago,https://www.youtube.com/watch?v=w_pyf3m_BB0
What If North America Suddenly Sank Into the Oceans?,415K views,2 years ago,https://www.youtube.com/watch?v=d4tkGLGVkus
What If a Tornado Hit an Active Volcano?,1.7M views,2 years ago,https://www.youtube.com/watch?v=p3-8iCqQr4U
What If We Refueled the Sun With Jupiter?,1.5M views,2 years ago,https://www.youtube.com/watch?v=OlM1bCXw5K8
What If There Were Giant Sandworms on Earth?,401K views,2 years ago,https://www.youtube.com/watch?v=LT_juYlHLTw
What If You Fell From the International Space Station?,221K views,2 years ago,https://www.youtube.com/watch?v=30j6WfQMlCw
What If You Spent 24 Hours Lost at Sea?,795K views,2 years ago,https://www.youtube.com/watch?v=dPwp-r6Mcng
What If Your Skin Were Bullet-Proof?,1.7M views,2 years ago,https://www.youtube.com/watch?v=z9POD3GM4IU
What If You Built a Pipe to the Bottom of the Mariana Trench?,261K views,2 years ago,https://www.youtube.com/watch?v=bQbv8r7i7L0
What If a Black Neutron Star Entered the Solar System?,842K views,2 years ago,https://www.youtube.com/watch?v=Ze3DNE3uknI
What If You Lived In a Closed Biosphere?,304K views,2 years ago,https://www.youtube.com/watch?v=_JiFJxOhDig
Discussed: What If You Lived In a Closed Biosphere? - Jane Poynter,57K views,2 years ago,https://www.youtube.com/watch?v=QzgP9Y4LNlk
What If Uranus Collided With Earth?,9.5M views,2 years ago,https://www.youtube.com/watch?v=ghyUIOibp3A
What If a Turkey Hit Earth at the Speed of Light?,321K views,2 years ago,https://www.youtube.com/watch?v=JN3kc26J40s
What If We Could See Through a Black Hole?,372K views,2 years ago,https://www.youtube.com/watch?v=fmaidlUG_Ec
Discussed: What If You Could See Through a Black Hole? - Pr. Clifford Johnson,90K views,2 years ago,https://www.youtube.com/watch?v=LEoIs5sv9Go
What If a COVID Vaccine Were Available Tomorrow?,204K views,2 years ago,https://www.youtube.com/watch?v=jDiFY5jo4k8
What If You Were Attacked by a Megalodon?,399K views,2 years ago,https://www.youtube.com/watch?v=PmjgNbRN2rA
"What Happens If You Drink 1,000 Red Bulls in a Month?",491K views,2 years ago,https://www.youtube.com/watch?v=oYR7Zegfh08
Discussed: What If You Were Addicted to Energy Drinks? - Danielle Robertson Rath,62K views,2 years ago,https://www.youtube.com/watch?v=un22TbazpbU
What If a Volcanic Apocalypse Happened Tomorrow?,213K views,2 years ago,https://www.youtube.com/watch?v=ilfwbiPzylA
What If You Ate a Brick of Dry Ice?,2.8M views,2 years ago,https://www.youtube.com/watch?v=aCu5hN-08WM
What if 'Among Us' Happened in Real Life?,568K views,2 years ago,https://www.youtube.com/watch?v=WjFbwUpqTr0
Discussed: What If 'Among Us' Was Real Life? - Liana Ruppert | Episode 20,91K views,2 years ago,https://www.youtube.com/watch?v=CWtJN8wH6fM
What If You Lived in Ancient Rome?,984K views,2 years ago,https://www.youtube.com/watch?v=GA-m0IjYPn4
What If Columbus Never Discovered America?,425K views,2 years ago,https://www.youtube.com/watch?v=x3igCCTSCcI
What If Trump Didn't Quit After Losing?,798K views,2 years ago,https://www.youtube.com/watch?v=jpUnahi8Dqk
What If the Solar System Orbited a Black Hole?,814K views,2 years ago,https://www.youtube.com/watch?v=LydzWx2ScT8
Discussed: What If Our Solar System Orbited a Black Hole? - with Pr. Johnson | Episode 19,87K views,2 years ago,https://www.youtube.com/watch?v=SEy9go401EQ
What If Bats Were the Size of Humans?,134K views,2 years ago,https://www.youtube.com/watch?v=ILQAXiugkPE
What If You Fell Into a Pool of Aerogel?,512K views,2 years ago,https://www.youtube.com/watch?v=t3C-NTmOK-w
What If You Stopped Brushing Your Teeth?,1.3M views,2 years ago,https://www.youtube.com/watch?v=TBxoJMlJExc
What If the Arctic Turned Into a Megaslump?,142K views,2 years ago,https://www.youtube.com/watch?v=riXYBfpwCek
Discussed: What If We Were on Lockdown for the Entire Winter? - with Dr. Rosenthal | Episode 18,62K views,2 years ago,https://www.youtube.com/watch?v=onFCmkhxN4A
What If You Were Attacked by a Giant Squid?,1.2M views,2 years ago,https://www.youtube.com/watch?v=8NTP53a-3FI
What If the Moon Exploded?,2.3M views,2 years ago,https://www.youtube.com/watch?v=rM-4ocneCEc
What Happens If the Mega-Earthquake Hits California Tomorrow?,625K views,2 years ago,https://www.youtube.com/watch?v=kjt2y2pXiYo
Discussed: What If Matter Was Replaced by Antimatter? - with Liz Landau | Episode 17,63K views,2 years ago,https://www.youtube.com/watch?v=YGaZNW5YipE
What If Terror Crocs Were Still Alive?,537K views,2 years ago,https://www.youtube.com/watch?v=gX1JhbYrj5A
What If the World Is Only Your Illusion?,277K views,2 years ago,https://www.youtube.com/watch?v=ZGZ7YBPSrfs
What If Octopuses Are Aliens from Outer Space?,353K views,2 years ago,https://www.youtube.com/watch?v=_xV3z7fjgRA
Discussed: What If an Octopus Was Your Teacher? - with Pippa Ehrlich | Episode 16,62K views,2 years ago,https://www.youtube.com/watch?v=j1o866U-QRA
What If Europa Were Earth's Moon?,1.1M views,2 years ago,https://www.youtube.com/watch?v=d3dNyavyMOo
What If We Built the World's Deepest Bunker?,305K views,2 years ago,https://www.youtube.com/watch?v=wIpBCFytMYI
Discussed: What If Jupiter Never Existed? - with Steve Levin | Episode 15,73K views,2 years ago,https://www.youtube.com/watch?v=Or4VUYi8Uys
What If the U.S. President Dies Before the Election?,922K views,2 years ago,https://www.youtube.com/watch?v=j1Nk5si3pS4
What If You Were Shot Out of a Liquid Nitrogen Cannon?,69K views,2 years ago,https://www.youtube.com/watch?v=6q823BhTxhs
What If We Powered the Planet With Seawater?,231K views,2 years ago,https://www.youtube.com/watch?v=fCK6BiHy8Yk
What If We Built a Road Around the World?,809K views,2 years ago,https://www.youtube.com/watch?v=QmcrSTinqpo
What If We've Already Made First Contact With Aliens?,472K views,2 years ago,https://www.youtube.com/watch?v=rwU44ED8gqM
Discussed: What If We've Already Made First Contact with Aliens? - with Andrew Siemion | Episode 14,80K views,2 years ago,https://www.youtube.com/watch?v=SKQA1y0SEyM
What If We Became Cyborgs?,302K views,2 years ago,https://www.youtube.com/watch?v=t6Enng4xZUs
What If Russia Won the Space Race?,214K views,2 years ago,https://www.youtube.com/watch?v=azLFh4BRQ6Y
What If There Is Life on Venus?,325K views,2 years ago,https://www.youtube.com/watch?v=vkCy5qdI-44
Discussed: What If There Is Life on Venus? - with Sara Seager | Episode 13,65K views,2 years ago,https://www.youtube.com/watch?v=O5Z6yX8F_oA
What If You Were Swallowed by a Crocodile?,980K views,2 years ago,https://www.youtube.com/watch?v=uay_SwCmNUg
What If Titanosaurs Never Went Extinct?,728K views,2 years ago,https://www.youtube.com/watch?v=ugOYmEmTlmA
What If We Nuked an Asteroid?,519K views,2 years ago,https://www.youtube.com/watch?v=GzL4D47GURc
Discussed: What If We Blew Up an Asteroid? - with Bill Nye | Episode 12,58K views,2 years ago,https://www.youtube.com/watch?v=Nh0plHHtZ28
What If We Sunk Our Trash in the Mariana Trench?,1.5M views,2 years ago,https://www.youtube.com/watch?v=aIpSq-5VHfY
What If You Got Caught in a Giant Spider Web?,1M views,2 years ago,https://www.youtube.com/watch?v=yNlK8tBXFYw
What If the Universe Is Bouncing?,205K views,2 years ago,https://www.youtube.com/watch?v=7jqnPh4dOdo
Discussed: What If the Universe Is Bouncing? - with Anna Ijjas | Episode 11,51K views,2 years ago,https://www.youtube.com/watch?v=lR_jTU_dlAE
What If You Only Drank Coca-Cola?,3M views,2 years ago,https://www.youtube.com/watch?v=xIpeS3ncJrw
What If Covid-19 Was Made in a Lab?,474K views,2 years ago,https://www.youtube.com/watch?v=Q9-Ubw9s92g
What If We Could Build a Tipler Cylinder?,434K views,2 years ago,https://www.youtube.com/watch?v=bdV2agMRl1w
What If We Became a Type II Civilization?,776K views,2 years ago,https://www.youtube.com/watch?v=MHKiq7N1Pv8
Discussed: What If We Became a Type II Civilization? - with Michio Kaku | Episode 10,484K views,2 years ago,https://www.youtube.com/watch?v=1JcDKNblGTs
What If T-Rex Were Still Alive?,1.1M views,2 years ago,https://www.youtube.com/watch?v=RxMYlJd4eK8
What If You Fell Into a Pool of Hagfish?,882K views,2 years ago,https://www.youtube.com/watch?v=4lBtq3iQz-M
What Happens If You Only Eat Raw Meat?,759K views,2 years ago,https://www.youtube.com/watch?v=jxtggVlNlPE
What If You Got Stuck in a Time Loop?,344K views,2 years ago,https://www.youtube.com/watch?v=yF4KXBeeqBI
Discussed: What If You Got Stuck in a Time Loop? - with Danny Rubin | Episode 9,51K views,2 years ago,https://www.youtube.com/watch?v=K7H84RGls78
What If We Covered Our Roads with Solar Panels?,275K views,2 years ago,https://www.youtube.com/watch?v=uvQKkYv0wog
What If We Settled on Titan?,975K views,2 years ago,https://www.youtube.com/watch?v=ILQ5X97Ak18
What If the Military Deployed a Million Nano Drones?,112K views,2 years ago,https://www.youtube.com/watch?v=ZZmqbtB80UQ
Discussed: What If We Had to Evacuate Earth? - with Bill Nye | Episode 8,164K views,2 years ago,https://www.youtube.com/watch?v=05LRfAD5tqk
What If You Fell Into a Pool of Jellyfish?,234K views,2 years ago,https://www.youtube.com/watch?v=yf3P00prALY
What If a Black Hole Opened at CERN?,873K views,2 years ago,https://www.youtube.com/watch?v=bSxJHt_TTN8
What If a Giant Sea Scorpion Fought a Killer Whale?,225K views,2 years ago,https://www.youtube.com/watch?v=C58UtcgEtlE
What If We Could Look Inside Our Bodies?,1.6M views,2 years ago,https://www.youtube.com/watch?v=JJo1RZ4A_dI
What If We Lived on a Super Earth?,769K views,2 years ago,https://www.youtube.com/watch?v=K_2331JPs8g
Discussed: What If We Lived on a Super Earth? - with Jack Madden | Episode 7,98K views,2 years ago,https://www.youtube.com/watch?v=7tDtJTsWJU8
What If Your Teacher Were AI?,167K views,2 years ago,https://www.youtube.com/watch?v=zm-ZJrsiRvU
What If You Rode Your Bike at the Speed of Light?,245K views,2 years ago,https://www.youtube.com/watch?v=o6dRNaiXmWw
What If We Built a Stanford Torus?,439K views,2 years ago,https://www.youtube.com/watch?v=08A6oi6TSuM
What If Giant Sloths Didn't Go Extinct?,498K views,2 years ago,https://www.youtube.com/watch?v=UUXta868e3I
Discussed: What If Your Teacher Were AI? - with Joanna Bryson | Episode 6,43K views,2 years ago,https://www.youtube.com/watch?v=GFy1jWgZMUM
What If a Quasi-Star Entered Our Solar System?,1.4M views,2 years ago,https://www.youtube.com/watch?v=sjIanNRAhqk
What If Everyone Farted at the Same Time?,767K views,2 years ago,https://www.youtube.com/watch?v=ib-iAgzO0ts
What If We Built a Tower to Outer Space?,410K views,2 years ago,https://www.youtube.com/watch?v=5dMns0A3ECo
What If a Spider Crawled Into Your Body While You‘re Sleeping?,2.3M views,2 years ago,https://www.youtube.com/watch?v=J2Rq12Sqee4
What If Aliens Are Future Versions of Humans?,976K views,2 years ago,https://www.youtube.com/watch?v=hYQKhLsblrk
Discussed: What If Aliens Are Future Humans? - with Mike Masters | Episode 5,297K views,2 years ago,https://www.youtube.com/watch?v=qbPEvNOEQqI
What If a Black Hole Ate the Sun?,997K views,2 years ago,https://www.youtube.com/watch?v=mUOVtPTKM-M
What If You Owned a Time Machine?,307K views,2 years ago,https://www.youtube.com/watch?v=pgzdrAROqV8
What If the Giganotosaurus Battled the Troodon?,247K views,2 years ago,https://www.youtube.com/watch?v=gU0LTiFjenk
What If a New Planet Formed in the Solar System?,705K views,2 years ago,https://www.youtube.com/watch?v=PUXWcHDwwuw
What If You Lived in Ancient Egypt?,2M views,2 years ago,https://www.youtube.com/watch?v=WqJd8slanIo
Discussed: What If You Lived in Ancient Egypt? - with Salima Ikram | Episode 4,69K views,2 years ago,https://www.youtube.com/watch?v=p0Y4-hgJtDU
What If We Caught an Interstellar Visitor?,247K views,2 years ago,https://www.youtube.com/watch?v=ZeoshaEfi3g
What If We Killed All Spiders?,554K views,2 years ago,https://www.youtube.com/watch?v=6v2FQgkPMEg
What If Seeds Could Grow in Your Stomach?,2.6M views,2 years ago,https://www.youtube.com/watch?v=Dz8ihhswEyk
What If the Sun Dimmed Down?,455K views,2 years ago,https://www.youtube.com/watch?v=uSsCtaZEPz4
Discussed: What If the Sun Dimmed Down? - with Emily Calandrelli | Episode 3,64K views,2 years ago,https://www.youtube.com/watch?v=KmKeb5-AmEc
What If Your Dreams Could Be Hacked?,215K views,2 years ago,https://www.youtube.com/watch?v=EIxYCC2J4V4
What If a White Hole and Black Hole Collided?,2.8M views,2 years ago,https://www.youtube.com/watch?v=lapTMtRtJZE
What If You Jumped Into Lake Natron?,12M views,2 years ago,https://www.youtube.com/watch?v=Ut82bMaHwiM
"What If Everyone Froze for 1,000 Years?",2.1M views,2 years ago,https://www.youtube.com/watch?v=k7Y_vNDprCQ
What If We Built an O'Neill Cylinder?,702K views,2 years ago,https://www.youtube.com/watch?v=CeD0bP6m6ZM
Discussed: What If We Lived in Space? - with Ronke Olabisi | Episode 2,84K views,2 years ago,https://www.youtube.com/watch?v=wse9SbJ0qOI
What If You Caught the Swine Flu?,158K views,2 years ago,https://www.youtube.com/watch?v=SxjbKraZmGQ
What If a Massive Locust Swarm Attacked Your City?,248K views,2 years ago,https://www.youtube.com/watch?v=QwFDal_HH60
What If Everyone Stopped Cutting Their Hair?,256K views,2 years ago,https://www.youtube.com/watch?v=i5hkUWRg3O0
What If Oceans Were Liquid Mercury?,541K views,2 years ago,https://www.youtube.com/watch?v=-NXNcSV891k
What If Your Brain Were Twice the Size?,228K views,2 years ago,https://www.youtube.com/watch?v=W_NgqNdgyDw
Discussed: What If Your Brain Were Twice its Size? - with Michio Kaku | Episode 1,75K views,2 years ago,https://www.youtube.com/watch?v=_W36OD4tKd8
What If Every Satellite Fell to Earth?,243K views,2 years ago,https://www.youtube.com/watch?v=eP9iL8Ymht8
What If Jupiter Swallowed Earth?,5.9M views,2 years ago,https://www.youtube.com/watch?v=whIJRZB_dfc
What If Bigfoot Actually Exists?,290K views,2 years ago,https://www.youtube.com/watch?v=-Pm7yQjz4sU
What If We Built Cities on the Moon?,273K views,2 years ago,https://www.youtube.com/watch?v=KVgwwG9zPrI
What If There Were a Permanent Solar Eclipse?,681K views,2 years ago,https://www.youtube.com/watch?v=nhwGgy19yYs
What If the Megalodon Shark Fought the Mosasaurus?,2.6M views,2 years ago,https://www.youtube.com/watch?v=eOT-zxWi-94
What If Earth's Core Exploded?,303K views,2 years ago,https://www.youtube.com/watch?v=GwswgdpT0NA
What If the Universe Isn't Uniform?,212K views,2 years ago,https://www.youtube.com/watch?v=PYOhYBejev4
What If You Fell Into a Pool of Stingrays?,180K views,2 years ago,https://www.youtube.com/watch?v=IUrIohyTrfQ
What If We Harnessed Zero-Point Energy?,590K views,2 years ago,https://www.youtube.com/watch?v=xCxTSpI1K34
What If the Universe Isn't Flat But a Giant Loop?,255K views,2 years ago,https://www.youtube.com/watch?v=MzGRkXrfMyM
What If Every Home Had a 3D Printer?,160K views,2 years ago,https://www.youtube.com/watch?v=h1qDMje8BiQ
What If Halley's Comet Crashed Into the Moon?,489K views,2 years ago,https://www.youtube.com/watch?v=YnjwWZEaRCc
What If You Could Shapeshift?,565K views,2 years ago,https://www.youtube.com/watch?v=3mWFFYtEBdA
What If We Found Alien Life on Enceladus?,189K views,2 years ago,https://www.youtube.com/watch?v=uPNPGoIXtyA
What If You Slept Upside Down?,216K views,2 years ago,https://www.youtube.com/watch?v=uLowCXFLGBQ
What If Spinosaurs Were Still Swimming Today?,1M views,2 years ago,https://www.youtube.com/watch?v=7yCTpDPEHtI
What If You Were Attacked by a Swarm of Cicadas?,296K views,2 years ago,https://www.youtube.com/watch?v=Er-kziAGXlw
What If Planet Nine Exists?,366K views,2 years ago,https://www.youtube.com/watch?v=hEszgpxhkic
What If We Powered the Planet With Lightning?,253K views,2 years ago,https://www.youtube.com/watch?v=ZT0jMIM6MtM
What If Two Hurricanes Collided?,867K views,2 years ago,https://www.youtube.com/watch?v=AM5CD0ijK5U
What If It Rained Diamonds?,451K views,2 years ago,https://www.youtube.com/watch?v=A26cvA8cQaE
What If You Were Bitten by One Million Ticks?,3.6M views,2 years ago,https://www.youtube.com/watch?v=LjimNc1_Nfk
What If There Were No Wind?,214K views,2 years ago,https://www.youtube.com/watch?v=SuO-y-VVxss
What If You Met Your Cosmic Twin?,475K views,2 years ago,https://www.youtube.com/watch?v=TH4xi_hClw4
What If We Flooded the Death Valley?,331K views,2 years ago,https://www.youtube.com/watch?v=Cg7aGjIlfEU
What If There Were an Underground City Below Denver Airport?,250K views,2 years ago,https://www.youtube.com/watch?v=AdS7DafhvzQ
What If You Could Walk Through Walls?,281K views,2 years ago,https://www.youtube.com/watch?v=DVDAmYuTZZ4
What If It Takes Two Years for a COVID-19 Vaccine?,1.4M views,2 years ago,https://www.youtube.com/watch?v=o8JGsBDY1xI
What If You Were Infected by the Cordyceps Fungus? (The Last of Us IRL),2M views,2 years ago,https://www.youtube.com/watch?v=HX483CVCBbw
What If We Could Build a Mega-Computer in Space?,287K views,2 years ago,https://www.youtube.com/watch?v=HhjLaZrmL2w
What If the Big Rip Happened Tomorrow?,553K views,2 years ago,https://www.youtube.com/watch?v=S9UO-baoheY
What If We Could Hear the Sun?,296K views,2 years ago,https://www.youtube.com/watch?v=TWh7e5fXRZA
What If Mammoths Never Went Extinct?,418K views,2 years ago,https://www.youtube.com/watch?v=82mR1qwuCiY
What If You Only Lived for 24 Hours?,1.7M views,2 years ago,https://www.youtube.com/watch?v=cd5_4haz4do
What If You Drained the World's Largest Atoll?,225K views,2 years ago,https://www.youtube.com/watch?v=OTQwTrYjJWM
What If You Jumped Into a Geyser?,208K views,2 years ago,https://www.youtube.com/watch?v=zPco8ocqelg
What If We Dug a Hole Through the Moon?,597K views,2 years ago,https://www.youtube.com/watch?v=0pSJLmypqZU
What If We Become a Type 1 Civilization?,1.9M views,2 years ago,https://www.youtube.com/watch?v=0w2l5-FTD-0
What If You Lived in the Devonian Period?,5.6M views,2 years ago,https://www.youtube.com/watch?v=bM6gEUNyEqA
What If a Massive Gravitational Wave Hit Earth?,456K views,2 years ago,https://www.youtube.com/watch?v=ios7saRWbWo
What If You Were Attacked by Murder Hornets?,750K views,2 years ago,https://www.youtube.com/watch?v=gRLsUFvL9wo
What If Giant Mushrooms Grew on Earth?,154K views,2 years ago,https://www.youtube.com/watch?v=_nafqX-0aVE
What If You Hacked All the World's Satellites?,231K views,2 years ago,https://www.youtube.com/watch?v=XYD1AopG1sw
What Happens If You Were Hospitalized With COVID-19?,1.6M views,2 years ago,https://www.youtube.com/watch?v=oSHXOlnmNXI
What If We Built a Massive Sun Shield in Space?,211K views,2 years ago,https://www.youtube.com/watch?v=g0KHGE5nxLE
What If We Never Aged?,626K views,2 years ago,https://www.youtube.com/watch?v=SJ5W6Ku_qy4
What If You Did a Bungee Jump with Magnets?,149K views,2 years ago,https://www.youtube.com/watch?v=-Bo4G0nbWjw
What If All Nuclear Reactors Exploded at Once?,358K views,2 years ago,https://www.youtube.com/watch?v=22kIqsgUqzo
What If the Coronavirus Mutated?,605K views,2 years ago,https://www.youtube.com/watch?v=_O4B7yHpB2o
What If You Jumped Into Saturn's Rings?,536K views,2 years ago,https://www.youtube.com/watch?v=8SgtXNftOEM
What If Mount Everest Were an Active Volcano?,452K views,2 years ago,https://www.youtube.com/watch?v=5MW37FcZI_A
What If Everyone Ate Beans Instead of Beef?,227K views,2 years ago,https://www.youtube.com/watch?v=Co9X5ktK4cI
What If Antarctica Were a Rainforest?,483K views,2 years ago,https://www.youtube.com/watch?v=Xx4DOM_u6m0
What If You Got Sucked Into a Tornado?,3M views,2 years ago,https://www.youtube.com/watch?v=cJKrBZQS4lo
What If All Oceans Turned Into Acid?,1.3M views,2 years ago,https://www.youtube.com/watch?v=84xlZYBb8Zw
What If Ancient Life Escaped Earth?,830K views,2 years ago,https://www.youtube.com/watch?v=mpUGfvl27RM
What If All Bats Disappeared?,257K views,2 years ago,https://www.youtube.com/watch?v=dRy9aR6Mvac
What If Lightning Storms Never Stopped?,264K views,2 years ago,https://www.youtube.com/watch?v=J2y-L1zWlPg
What If You Jumped Into a Pool of Hand Sanitizer?,1.8M views,2 years ago,https://www.youtube.com/watch?v=y-fVTsgoZ1I
What If We Could Kill the Coronavirus with UVC Lights?,291K views,2 years ago,https://www.youtube.com/watch?v=KJ4OnRYyBZI
What If Mosasaurus Were Still Alive?,6.1M views,2 years ago,https://www.youtube.com/watch?v=zxFHw0p50Xg
What If Earth Was Shaped Like an American Football?,269K views,2 years ago,https://www.youtube.com/watch?v=HUfiXExMEe8
What If We Lost Gravity for 5 Seconds?,2.1M views,3 years ago,https://www.youtube.com/watch?v=Kt6LfTtPPGU
What If Social-Distancing Became Law?,290K views,3 years ago,https://www.youtube.com/watch?v=z2nBk9wQGtE
What If You Fell Into a Pool of Electric Eels?,457K views,3 years ago,https://www.youtube.com/watch?v=p-VcXK_AFjI
What If Everyone Wore Medical Face Masks?,423K views,3 years ago,https://www.youtube.com/watch?v=5TEHBgDIR7M
What If We Nuked an Active Volcano?,623K views,3 years ago,https://www.youtube.com/watch?v=5w6AdJNSzGs
What If We Moved the Solar System?,460K views,3 years ago,https://www.youtube.com/watch?v=ycwuFmskijM
What If We Tried to Contact Alien Civilizations?,428K views,3 years ago,https://www.youtube.com/watch?v=s2Eh1EnJVzM
What If You Never Coughed?,222K views,3 years ago,https://www.youtube.com/watch?v=JXAJUtoamAQ
What If Earth Released All Its Methane?,235K views,3 years ago,https://www.youtube.com/watch?v=FmMmgW3R3UI
What If You Fell from an Airplane Into Fresh Snow?,450K views,3 years ago,https://www.youtube.com/watch?v=8pQzWiKBnZY
What If You Went to the Toilet Only Once a Year?,883K views,3 years ago,https://www.youtube.com/watch?v=24xm9OUxoNE
What If the Great Attractor Swallowed Our Galaxy?,750K views,3 years ago,https://www.youtube.com/watch?v=pAdBa86gS5w
What If All Supermarkets Closed?,179K views,3 years ago,https://www.youtube.com/watch?v=rQCRN5StxqE
What If We Stopped Shaking Hands?,165K views,3 years ago,https://www.youtube.com/watch?v=neCpeC5xJYc
What If a Volcano Erupted Into Space?,1M views,3 years ago,https://www.youtube.com/watch?v=RGTUoM95tJw
What If Mosquitoes Were the Size of Humans?,1.1M views,3 years ago,https://www.youtube.com/watch?v=gJgSa2rPjwM
What If We Relocated Humanity to Proxima B?,2.1M views,3 years ago,https://www.youtube.com/watch?v=rD_gmEw6ZyI
What Happens If You Get Covid-19?,25M views,3 years ago,https://www.youtube.com/watch?v=7sQCmgCmN7U
What If You Didn't Wash Your Hands for a Year?,564K views,3 years ago,https://www.youtube.com/watch?v=narmiVrsIGE
What If We Discovered Alien AI?,443K views,3 years ago,https://www.youtube.com/watch?v=gVdTjsXiK_E
What If We Ran Out of Toilet Paper?,224K views,3 years ago,https://www.youtube.com/watch?v=famew-ptRP8
What If the U.S Were Under Lockdown?,5.7K views,3 years ago,https://www.youtube.com/watch?v=QAZH0oaqgSg
What If You Ate the Spiciest Pepper in the World?,962K views,3 years ago,https://www.youtube.com/watch?v=SvfCrHwlfrY
What If You Were the Last Human and Trapped in Space?,756K views,3 years ago,https://www.youtube.com/watch?v=UqjJD1Ij44M
What If the Yellowstone Volcano Erupted Tomorrow?,4.2M views,3 years ago,https://www.youtube.com/watch?v=2iRJb15W-14
What If You Controlled the Internet?,177K views,3 years ago,https://www.youtube.com/watch?v=134q-Be_iUo
What If We Drained the Mediterranean?,1.4M views,3 years ago,https://www.youtube.com/watch?v=4ARfDC_OcUE
Discussed: What If We Lived in a Galactic Zoo?,1M views,3 years ago,https://www.youtube.com/watch?v=6fAgihenxcU
What If We Could Build an Alderson Disk?,1.4M views,3 years ago,https://www.youtube.com/watch?v=-e2mBJ0O3Rw
What If We Could Build Bridges Between Continents?,762K views,3 years ago,https://www.youtube.com/watch?v=28gUmv0qgig
What If You Fell Into a Piranha Pool?,6.1M views,3 years ago,https://www.youtube.com/watch?v=-F5BrN8LE6Q
What If We Discover Life After Death?,1.5M views,3 years ago,https://www.youtube.com/watch?v=6xqvFsJHoHc
What If There Was Only One Woman on Earth?,2M views,3 years ago,https://www.youtube.com/watch?v=F5CaBa3tHKs
What If the Universe Ended Tomorrow?,526K views,3 years ago,https://www.youtube.com/watch?v=fuFgLsh_3Bg
What If Antarctica’s Dormant Volcanoes Woke Up?,1.9M views,3 years ago,https://www.youtube.com/watch?v=4_SJW4NcYoU
What If You Could Shrink to the Size of an Atom?,708K views,3 years ago,https://www.youtube.com/watch?v=ZA8rFyQkalU
What If China Created an Artificial Moon?,430K views,3 years ago,https://www.youtube.com/watch?v=vihEAWWhQVo
What If Earth Orbited UY Scuti?,3.2M views,3 years ago,https://www.youtube.com/watch?v=E9lXjAkymN4
What If You Fell Into Niagara Falls?,6.3M views,3 years ago,https://www.youtube.com/watch?v=au7eZtOhU20
What If Algae Took Over the Oceans?,661K views,3 years ago,https://www.youtube.com/watch?v=dDmHtmoB0QY
What If We Built Vertical Farms?,396K views,3 years ago,https://www.youtube.com/watch?v=jeN2ynwny6A
What If We Knew the Time the Earth Will Die?,1.1M views,3 years ago,https://www.youtube.com/watch?v=V-xeAepotMc
What If You Dropped a Steak From Orbit?,896K views,3 years ago,https://www.youtube.com/watch?v=3SEfFauRHEw
What If We Burn All the Oil?,296K views,3 years ago,https://www.youtube.com/watch?v=mSIg4e0eI-Y
What If Our Universe Collided With Another One?,2.5M views,3 years ago,https://www.youtube.com/watch?v=W882C-l5s_s
What If You Were Trapped in a Meat-Eating Plant?,2.8M views,3 years ago,https://www.youtube.com/watch?v=UxXCX0fr7pE
What If a Magnetar Collided With a Black Hole?,2M views,3 years ago,https://www.youtube.com/watch?v=XD80MGgqd7U
What If Discussed. The Podcast | Trailer,78K views,3 years ago,https://www.youtube.com/watch?v=YV3UdG_89hk
What Happens If You Put Your Head Into a Particle Accelerator?,240K views,3 years ago,https://www.youtube.com/watch?v=dA1LH_Jwmro
What If Betelgeuse Exploded Right Now?,1.9M views,3 years ago,https://www.youtube.com/watch?v=RHKtnBeBHcU
What If We Had a Worldwide Pandemic?,1M views,3 years ago,https://www.youtube.com/watch?v=IgVrCPZ2VHA
What If the Kraken Was Real?,4.8M views,3 years ago,https://www.youtube.com/watch?v=PtBwc86Qpjw
What If We Became Enslaved by Aliens?,657K views,3 years ago,https://www.youtube.com/watch?v=PJYWANz2-fA
What If the Earth’s Crust Suddenly Opened Up?,366K views,3 years ago,https://www.youtube.com/watch?v=F6jR4mQtarE
What If the Moon Never Formed?,587K views,3 years ago,https://www.youtube.com/watch?v=6WIEQDp-ZhQ
What If | Channel Trailer | An Epic Exploration Of Possibilities,903K views,3 years ago,https://www.youtube.com/watch?v=3iohDV8TK9c
What If We Set Aside Half the Planet for Wildlife?,2.3M views,3 years ago,https://www.youtube.com/watch?v=ICyMaJKbujk
What If Two Black Holes Collided?,2.2M views,3 years ago,https://www.youtube.com/watch?v=yFvFK5qrdA4
What If a Flash Wiped Out Everyone's Memories?,435K views,3 years ago,https://www.youtube.com/watch?v=yXnPgHEDD1o
What If Jupiter Never Existed?,504K views,3 years ago,https://www.youtube.com/watch?v=ZyFzysA8cew
What If Earth Was As Big As the Sun?,6.3M views,3 years ago,https://www.youtube.com/watch?v=saLcKOmPVlg
What If We Could Create Anti-Gravity?,321K views,3 years ago,https://www.youtube.com/watch?v=tjDI8Z2L0_s
What If You Die?,2.6M views,3 years ago,https://www.youtube.com/watch?v=3S74xTvBIF4
What If the Pterodactyl Was Still Alive?,690K views,3 years ago,https://www.youtube.com/watch?v=6bVQPbXC6Vs
What If World War III Happened Tomorrow?,5.6M views,3 years ago,https://www.youtube.com/watch?v=DqHctQwqgQ0
What If We Could Grow Babies in Artificial Wombs?,186K views,3 years ago,https://www.youtube.com/watch?v=gwPvSNA_nIg
What If We Generated Electricity With Our Bodies?,185K views,3 years ago,https://www.youtube.com/watch?v=QjW-7EQEb_Q
What If You Lived on an Asteroid?,350K views,3 years ago,https://www.youtube.com/watch?v=KryMvlY3fJw
What If Everyone Stopped Drinking Coffee?,276K views,3 years ago,https://www.youtube.com/watch?v=8Oup4enKLPo
What If Our Bodies Kept Evolving?,2.6M views,3 years ago,https://www.youtube.com/watch?v=cBdoxMvjj18
What If You Knew the Date and Time You Will Die?,785K views,3 years ago,https://www.youtube.com/watch?v=lZnQ8ecVqQI
What If You Traveled to a Black Hole?,1M views,3 years ago,https://www.youtube.com/watch?v=qbK60GnWnYo
Face Reveal,968K views,3 years ago,https://www.youtube.com/watch?v=04XLy3g9s0A
What If a Quasar Entered Our Solar System?,1.3M views,3 years ago,https://www.youtube.com/watch?v=kTXpsM3Ep78
What Happens If You Vape for 24 Hours Straight?,387K views,3 years ago,https://www.youtube.com/watch?v=E4dVBSSG7hs
What If You Were Swallowed by an Anaconda?,5.5M views,3 years ago,https://www.youtube.com/watch?v=Rm-x4maMAks
What If You Had to Be Santa Claus?,209K views,3 years ago,https://www.youtube.com/watch?v=xiwWyCHdc7g
What Happens If You Don’t Leave the Bathtub for a Week?,3.1M views,3 years ago,https://www.youtube.com/watch?v=hHxg21Ay_xw
What If We Built a Canal Between U.S. and Mexico?,227K views,3 years ago,https://www.youtube.com/watch?v=NetajkScug0
What If the Sun Exploded Tomorrow?,10M views,3 years ago,https://www.youtube.com/watch?v=YIXy2Kit4z4
What If You Had to Find Baby Yoda?,155K views,3 years ago,https://www.youtube.com/watch?v=Ph-MJ0A_jkU
What If You Fell Into the Deepest Hole on Earth?,2.8M views,3 years ago,https://www.youtube.com/watch?v=ZeXv1mBa5oc
What If Wifi Was Visible?,318K views,3 years ago,https://www.youtube.com/watch?v=gYvKt0CT9bc
What If We Turned Plastic Into Fuel?,322K views,3 years ago,https://www.youtube.com/watch?v=WgrxxdVBEGc
What If Earth Was Shaped Like a Donut?,3.2M views,3 years ago,https://www.youtube.com/watch?v=CcRd38ztM8M
What If We Created No Waste?,542K views,3 years ago,https://www.youtube.com/watch?v=wWbL7Mv2MFw
What If You Never Left Your Bed?,677K views,3 years ago,https://www.youtube.com/watch?v=_js2KKecBQY
What If You Were Made of Dark Matter?,982K views,3 years ago,https://www.youtube.com/watch?v=ms9eSJYr4o8
What If You Held in All Your Sneezes?,734K views,3 years ago,https://www.youtube.com/watch?v=dZj_vpmzWx4
What If All Cars Were Indestructible?,373K views,3 years ago,https://www.youtube.com/watch?v=LgU3bU39csE
What If Spiders Were the Size of Humans?,3.1M views,3 years ago,https://www.youtube.com/watch?v=flPBfUiIX1g
You Asked For It,198K views,3 years ago,https://www.youtube.com/watch?v=992h8z9Pk9Y
What If Ice Was Hot Instead of Cold?,971K views,3 years ago,https://www.youtube.com/watch?v=IVNOUvAgSd4
What Happens If You Never Take Your Contacts Out?,298K views,3 years ago,https://www.youtube.com/watch?v=nBpjDvXiLEs
What If We No Longer Needed Sleep?,387K views,3 years ago,https://www.youtube.com/watch?v=qspy2qYqGEo
What If Earth Was the Only Planet in the Solar System?,3.2M views,3 years ago,https://www.youtube.com/watch?v=wmLbR6cogH0
What If Megalodon Sharks Never Went Extinct?,10M views,3 years ago,https://www.youtube.com/watch?v=GcSTjxe0G74
What If Your Memories Were Fake?,210K views,3 years ago,https://www.youtube.com/watch?v=dju0pevlcJM
What If We Could Harness the Energy of a Black Hole?,501K views,3 years ago,https://www.youtube.com/watch?v=n36WoXqQbjg
What If We Dumped Our Trash in the Bermuda Triangle?,1.4M views,3 years ago,https://www.youtube.com/watch?v=jwXILLVA5IM
What If the Atmosphere Was 10% Sulfur Hexafluoride?,157K views,3 years ago,https://www.youtube.com/watch?v=s13ID1hKAkA
What If You Jumped Into a Pool Filled With Human Saliva?,638K views,3 years ago,https://www.youtube.com/watch?v=_B6SQVcnhXQ
What If You Could Build the Death Star?,1.5M views,3 years ago,https://www.youtube.com/watch?v=3aTMZtRZFzM
What If We Created Hybrid Human-Animals?,662K views,3 years ago,https://www.youtube.com/watch?v=kLkfCX2hzsQ
What If Ghosts Were Real?,754K views,3 years ago,https://www.youtube.com/watch?v=Q0ru7qF2mew
What If Everyone Planted a Tree on Their Birthday?,1.2M views,3 years ago,https://www.youtube.com/watch?v=l4XvkQDotoc
What If Another Sun Entered Our Solar System?,1.9M views,3 years ago,https://www.youtube.com/watch?v=bJXGt26f8ZI
What If There Was No Friction for 1 Minute?,988K views,3 years ago,https://www.youtube.com/watch?v=8dHmLdjcOoc
What If We Killed All Mosquitoes?,5.2M views,3 years ago,https://www.youtube.com/watch?v=9w-5wJYVmcw
What If Alien Life Was Silicon-Based?,1.1M views,3 years ago,https://www.youtube.com/watch?v=4GmGO__75NY
What If It Rained Acid?,244K views,3 years ago,https://www.youtube.com/watch?v=VC34ov4iFRo
What If the Earth Was One Living Organism?,831K views,3 years ago,https://www.youtube.com/watch?v=dLn8g8TVrNE
What If the Universe Was Just an Illusion?,303K views,3 years ago,https://www.youtube.com/watch?v=tsU9nKT5RRA
What If We Knew the Time We Go Extinct?,3M views,3 years ago,https://www.youtube.com/watch?v=1s8nQgBOm-A
What If We Find a Cure for Cancer?,339K views,3 years ago,https://www.youtube.com/watch?v=PGiNo3KnYU8
What If Thomas Edison Wasn't Born?,297K views,3 years ago,https://www.youtube.com/watch?v=WPs0SwuXSEw
What If All Trees Were Cut Down?,1.1M views,3 years ago,https://www.youtube.com/watch?v=85yyD-lm4MA
What If You Didn’t Feel Pain?,669K views,3 years ago,https://www.youtube.com/watch?v=Ld7P-y1_Ec8
The Mind-Blowing Density of Neutron Stars,676K views,3 years ago,https://www.youtube.com/watch?v=rtJArBxv6QQ
What If You Lived During the Middle Ages?,2.6M views,3 years ago,https://www.youtube.com/watch?v=ydXi-KiMv7o
What If a Black Hole Deleted the Universe?,511K views,3 years ago,https://www.youtube.com/watch?v=JrVT03zUscI
What If Telekinesis Was Real?,822K views,3 years ago,https://www.youtube.com/watch?v=VoSfu6cW8zY
What If We Dug Tunnels Between Continents?,632K views,3 years ago,https://www.youtube.com/watch?v=WdvhO8Vye4A
What Happens If You Jumped Into a Pool Full of Stomach Acid?,3.3M views,3 years ago,https://www.youtube.com/watch?v=sVZox2mRzvo
What If We Were Born Without Empathy?,242K views,3 years ago,https://www.youtube.com/watch?v=RIwfVjM94m4
What If You Could Upload Your Brain?,311K views,3 years ago,https://www.youtube.com/watch?v=nP61lImC7wA
What If All Stars Exploded at the Same Time?,737K views,3 years ago,https://www.youtube.com/watch?v=TvegCAmk8UQ
What If You Were The Only Man on Earth?,2.2M views,3 years ago,https://www.youtube.com/watch?v=h66CvBSHvJs
What If We Poured a Pool of Liquid Nitrogen Into a Volcano?,1.1M views,3 years ago,https://www.youtube.com/watch?v=u4gobiTvFg0
What If We Could Refreeze the Arctic?,812K views,3 years ago,https://www.youtube.com/watch?v=28QUkxheyCc
What If You Could Melt Metal With Your Hands?,315K views,3 years ago,https://www.youtube.com/watch?v=nTKqjnSxfIU
What If You Met a Time Traveler?,5.6M views,3 years ago,https://www.youtube.com/watch?v=ipMwrcvukpU
What If All Houses Were Covered With Solar Panels?,404K views,3 years ago,https://www.youtube.com/watch?v=Uw_bweN_90E
What If We Created a Superintelligence?,798K views,3 years ago,https://www.youtube.com/watch?v=qq5Mn2N0bQI
What If You Skydived Into a Tornado?,453K views,3 years ago,https://www.youtube.com/watch?v=uFW4basIxQg
What If We Had Working Quantum Computers Today?,843K views,3 years ago,https://www.youtube.com/watch?v=fNOJjR1Znds
What If Pangea Never Broke Apart?,4.3M views,3 years ago,https://www.youtube.com/watch?v=7leF_6u4ohI
What If We Could Open a Portal to a Parallel Universe?,2.5M views,3 years ago,https://www.youtube.com/watch?v=2TUza5C2uJ8
What If Earth Started Spinning Backwards?,3.8M views,3 years ago,https://www.youtube.com/watch?v=zC0a-HYCvsM
What If You Could Ski On Mars?,151K views,3 years ago,https://www.youtube.com/watch?v=d8sGaRqA4P8
What If We Settled on the Moon?,1.1M views,3 years ago,https://www.youtube.com/watch?v=yEvQLl_AQNM
What If You Were Swallowed by a Whale?,15M views,3 years ago,https://www.youtube.com/watch?v=5JBMvUMJuyQ
What If We Nuked a Hurricane?,2.5M views,3 years ago,https://www.youtube.com/watch?v=erCiaINsRFU
What If We Lost The Amazon Rainforest?,1.3M views,3 years ago,https://www.youtube.com/watch?v=pRZKGLIc9DA
What If We Extinguished the Sun?,989K views,3 years ago,https://www.youtube.com/watch?v=5WWiukEh34M
What If We Nuked Mars?,2.8M views,3 years ago,https://www.youtube.com/watch?v=bBZmO6dcmnY
What If We Built Cloud Cities on Venus?,812K views,3 years ago,https://www.youtube.com/watch?v=a-zZkuGAVQY
What If You Tried to Surf a Tsunami?,6.2M views,3 years ago,https://www.youtube.com/watch?v=dVr3m9S0cEk
What If There Was No Salt in the World?,706K views,3 years ago,https://www.youtube.com/watch?v=_iiZj62GFvs
What Happens If You Fall out of an Airplane?,2.4M views,3 years ago,https://www.youtube.com/watch?v=HsQmtG1fnqc
What If We Lived in a Globular Cluster?,533K views,3 years ago,https://www.youtube.com/watch?v=MkhoKeJlqwA
What If We Sent Our Trash Into the Sun?,1.7M views,3 years ago,https://www.youtube.com/watch?v=0xTUPrb-O2Y
What Happens If You Fall Into a Pool Filled Snake Venom?,1.2M views,3 years ago,https://www.youtube.com/watch?v=CVef_2-i20I
What If You Were the Last Human on Earth? (Recut),514K views,3 years ago,https://www.youtube.com/watch?v=4v7de1JBlTw
What If a Spoonful of Neutron Star Appeared on Earth?,2.2M views,3 years ago,https://www.youtube.com/watch?v=XVXrDX9zwfM
What If We Had Flying Cars?,358K views,3 years ago,https://www.youtube.com/watch?v=52Tx2X9vNH4
What If Aliens Are Watching Us?,962K views,3 years ago,https://www.youtube.com/watch?v=aCTbRhz6PEw
What Happens If You Fall Into a Pool Full of Sharks?,1.1M views,3 years ago,https://www.youtube.com/watch?v=2M_pSq63oLo
What Happens If You Eat Mold?,3.9M views,3 years ago,https://www.youtube.com/watch?v=6vIogSJ7kTo
What If a Gamma-Ray Burst Hits the Earth?,1.2M views,3 years ago,https://www.youtube.com/watch?v=jVHnVcZ6YMQ
What Happens If You Don't Shower for a Month?,4.3M views,3 years ago,https://www.youtube.com/watch?v=IyC_DTFdIdI
What Happens If You Fall Into Quicksand?,7.9M views,3 years ago,https://www.youtube.com/watch?v=jYlZyO62V7A
What If We Moved Earth?,1.4M views,3 years ago,https://www.youtube.com/watch?v=8EYjWyxLfTg
What If Every Dead Person Was Still Alive?,1M views,3 years ago,https://www.youtube.com/watch?v=orHzEgiMa7E
What Happens If One Million People Actually Stormed Area 51?,9.4M views,3 years ago,https://www.youtube.com/watch?v=dxqYDrELD_E
What Happens If You Fall Into a Pool of Liquid Nitrogen?,1.8M views,3 years ago,https://www.youtube.com/watch?v=e0Kmo1_J4PM
What If You Were the First Person on Mars?,567K views,3 years ago,https://www.youtube.com/watch?v=gR7-6MY3nek
What If Earth Was Near the Center of the Milky Way?,2.2M views,3 years ago,https://www.youtube.com/watch?v=sxcmGNbwVrw
What If We Planted a Trillion Trees?,2.1M views,3 years ago,https://www.youtube.com/watch?v=yXIS-c9HsXc
What if Earth Had Rings Like Saturn?,4.7M views,3 years ago,https://www.youtube.com/watch?v=an7FRVPPpW8
What If You Had X-Ray Vision?,329K views,3 years ago,https://www.youtube.com/watch?v=2feEc5wg__0
What If Earth Had a Large Elliptical Orbit?,463K views,3 years ago,https://www.youtube.com/watch?v=J05oJgz0htM
What If the Speed of Light and Sound Were Switched?,1M views,3 years ago,https://www.youtube.com/watch?v=9sL0DcrHbh4
What If the Neanderthals Had Not Gone Extinct?,1.4M views,3 years ago,https://www.youtube.com/watch?v=CSgkeyqRvIY
What If Earth’s Atmosphere Was Pure Oxygen?,723K views,3 years ago,https://www.youtube.com/watch?v=7nePHlbtSis
What If We Had Thermal Vision?,483K views,3 years ago,https://www.youtube.com/watch?v=trJd1MF5nlo
What If the Earth Collided With Another Planet?,3.3M views,3 years ago,https://www.youtube.com/watch?v=1LdeBY9uNUg
What If Humans Were 5 Meters (16ft) Tall?,961K views,3 years ago,https://www.youtube.com/watch?v=q0XgD2RY2Pc
What If a Magnetar Entered Our Solar System?,2.3M views,3 years ago,https://www.youtube.com/watch?v=iKtk_sj3Ul0
What Happens If Everyone Falls Asleep at the Same Time?,654K views,3 years ago,https://www.youtube.com/watch?v=7t1aG9PGKsk
What If You Could Make Yourself Invisible?,1.3M views,3 years ago,https://www.youtube.com/watch?v=y1oSKBZiAxw
What If We Lived In Cities Under Water?,595K views,3 years ago,https://www.youtube.com/watch?v=kIelwY5ZBxU
What If the Earth Was Cut in Half?,1.6M views,3 years ago,https://www.youtube.com/watch?v=k9kv3Z1LEdk
What If Orgasms Didn’t Exist?,959K views,3 years ago,https://www.youtube.com/watch?v=6QOLIpCiSCo
What If Oxygen Doubled in Earth’s Atmosphere?,2.7M views,3 years ago,https://www.youtube.com/watch?v=5Q3ft8OsFaM
What If We Could Control the Climate?,206K views,3 years ago,https://www.youtube.com/watch?v=zbTs2lwDW9Y
What If the World Was A Single Country?,1.3M views,3 years ago,https://www.youtube.com/watch?v=lEhyAOunq28
What If We Trashed Earth's Orbit With Space Junk?,195K views,3 years ago,https://www.youtube.com/watch?v=USAKOFHDgMg
What Happens If You Fall Into a Volcano?,1.1M views,3 years ago,https://www.youtube.com/watch?v=QHdRFUJuptU
What If You Could Stop Time?,2M views,3 years ago,https://www.youtube.com/watch?v=hQGDx1Z-B-0
What If We Terraformed the Sahara Desert?,2.9M views,3 years ago,https://www.youtube.com/watch?v=oH_OK6OGr80
What If Extinct Animals Could Be Brought Back to Life?,1.7M views,3 years ago,https://www.youtube.com/watch?v=F-clYzqPTE4
What If Earth Was Inside of a Nebula?,1M views,3 years ago,https://www.youtube.com/watch?v=DyurFEAIxRA
What If Everyone on Earth Lived in One City?,304K views,3 years ago,https://www.youtube.com/watch?v=t0tA-z0P7Fs
What If You Fell Into a Spent Nuclear Fuel Pool?,4.2M views,3 years ago,https://www.youtube.com/watch?v=mM-5DhIhYmQ
What If the Earth Was Hollow?,536K views,3 years ago,https://www.youtube.com/watch?v=ehchYzwEc2I
What If We Used the Full Capacity of Our Brains?,5.3M views,3 years ago,https://www.youtube.com/watch?v=cAPXQtT766Q
What If You Had the Strength of a Superhero?,683K views,3 years ago,https://www.youtube.com/watch?v=6x5g7_OoGaM
What If Aliens Arrived Tomorrow?,3.5M views,3 years ago,https://www.youtube.com/watch?v=jpaHRQl6wG0
What If We Built A Ringworld In Space?,1.3M views,3 years ago,https://www.youtube.com/watch?v=QyDuk-eAFAI
What If A Mega-Tsunami Hit The United States?,6.3M views,3 years ago,https://www.youtube.com/watch?v=572myXhqNI8
What If the Universe Was White Instead of Black?,1.3M views,3 years ago,https://www.youtube.com/watch?v=TM1_rnoyxv4
What If Earth’s Gravity Was Stronger?,849K views,3 years ago,https://www.youtube.com/watch?v=1bktnE9QQWg
What If We Had Working Warp Drive Technology?,2M views,3 years ago,https://www.youtube.com/watch?v=f0z8PXpibII
What If Everyone Had a Free Basic Income?,328K views,3 years ago,https://www.youtube.com/watch?v=Y81BlyTUwNg
What Happens If You Wake up During Surgery?,2.3M views,3 years ago,https://www.youtube.com/watch?v=8qvR6xMKoUw
What If the Gulf Stream Current Stopped?,308K views,3 years ago,https://www.youtube.com/watch?v=hzCvY0ENrhk
What If Half the Population of Earth Was Wiped Out? (Avengers: Endgame in Real Life),2.5M views,3 years ago,https://www.youtube.com/watch?v=Z61d2C4KXgM
What If Companies Had to Pay to Pollute our Earth?,185K views,3 years ago,https://www.youtube.com/watch?v=tww_a58ge0U
What If There Was Another Earth in Our Solar System?,2.5M views,3 years ago,https://www.youtube.com/watch?v=XNxLNQxeXco
What If a Massive Solar Storm Hit the Earth?,1M views,3 years ago,https://www.youtube.com/watch?v=q2kDvrs2VEs
What If We Dumped Our Trash into Volcanoes?,16M views,3 years ago,https://www.youtube.com/watch?v=Q4Xys-IRMr0
What If There Were No Limits to Organ Transplantation?,322K views,3 years ago,https://www.youtube.com/watch?v=r5q3crfRuLY
What If All the Sea Water Becomes Fresh Water?,5M views,4 years ago,https://www.youtube.com/watch?v=LEo81a2w07Q
What If Teleportation Was Possible?,460K views,4 years ago,https://www.youtube.com/watch?v=Hvqtzt8O_fw
What If a Black Hole Entered Our Solar System?,2.7M views,4 years ago,https://www.youtube.com/watch?v=RQG4bxZ0AIg
What If We Built an Artificial Planet?,1.4M views,4 years ago,https://www.youtube.com/watch?v=KhZo6uAo_Ms
What If Humanity Became an Interstellar Species?,688K views,4 years ago,https://www.youtube.com/watch?v=8VzSqYooxmw
What If the African Continent Broke Apart?,1.5M views,4 years ago,https://www.youtube.com/watch?v=0PyUwmQDnn0
What If We Could Build a Replica of the Sun on Earth?,505K views,4 years ago,https://www.youtube.com/watch?v=WHg82Z6CKy4
What If We Covered the Moon With Solar Panels?,489K views,4 years ago,https://www.youtube.com/watch?v=Q_EKjr4G1qA
What If You Died in Space?,2M views,4 years ago,https://www.youtube.com/watch?v=Ba22s5U2FxI
What Happens If You Eat Uranium?,826K views,4 years ago,https://www.youtube.com/watch?v=iQ1A722NEEw
What If Earth’s Axis Was Tilted by 90 Degrees?,411K views,4 years ago,https://www.youtube.com/watch?v=Zjwh4nSPEs0
What If You Were Alive 200 Million Years Ago,1.5M views,4 years ago,https://www.youtube.com/watch?v=mKIgg-0ilao
What If We Stopped Vaccinations?,146K views,4 years ago,https://www.youtube.com/watch?v=HAdWf7vE3zA
What If We Terraformed Venus?,1.8M views,4 years ago,https://www.youtube.com/watch?v=Wd-RbXOktTs
What If Earth's Topography Was Inverted?,440K views,4 years ago,https://www.youtube.com/watch?v=-iqrtHHmTM4
What If Life Didn’t Originate on Earth?,433K views,4 years ago,https://www.youtube.com/watch?v=jdhFFjDnSG8
What If Jupiter Became a Star?,2.8M views,4 years ago,https://www.youtube.com/watch?v=KSQhjhoEvLs
What If You Could Swim in Titan’s Lakes?,2.2M views,4 years ago,https://www.youtube.com/watch?v=va2iJ5W3wrQ
What If We’re Living in a Computer Simulation?,577K views,4 years ago,https://www.youtube.com/watch?v=v3uXy1hGVAo
What If Humans Were Immortal?,1.4M views,4 years ago,https://www.youtube.com/watch?v=OUev8EUAIXE
What If There Was a 3rd Industrial Revolution?,224K views,4 years ago,https://www.youtube.com/watch?v=3W_YgX6tepI
What If Earth Had a Global Hyperloop Network?,363K views,4 years ago,https://www.youtube.com/watch?v=ukKxi8P6IL0
What If Our Sun Became a Black Dwarf?,1.3M views,4 years ago,https://www.youtube.com/watch?v=xzWdwp1HdBc
What If the World Lost Oxygen for Five Seconds?,11M views,4 years ago,https://www.youtube.com/watch?v=rdt85jgRHt0
What If Time Is an Illusion?,1.1M views,4 years ago,https://www.youtube.com/watch?v=ME3sjezuckE
What If You Fell Into Jupiter?,11M views,4 years ago,https://www.youtube.com/watch?v=sLP9L-qJqcI
What If Earth’s Oceans Evaporated?,856K views,4 years ago,https://www.youtube.com/watch?v=kvrAFFVVE9E
What If We Never Started Hunting Whales?,1.6M views,4 years ago,https://www.youtube.com/watch?v=BABLs7NN_d8
What If Genetically Modified People Became the Norm?,136K views,4 years ago,https://www.youtube.com/watch?v=Kf0hjVZdyr8
What If Everyone Lived Underground?,469K views,4 years ago,https://www.youtube.com/watch?v=kypk9na_wbM
What If the Earth Was a Moon of Jupiter?,3.4M views,4 years ago,https://www.youtube.com/watch?v=9VYgI79nFtw
What If There Were No More Cats?,492K views,4 years ago,https://www.youtube.com/watch?v=5S5DdjWwUPI
What If Planet X Was Real?,760K views,4 years ago,https://www.youtube.com/watch?v=Nvr1Yzoi_N0
What Happens If Everyone Flushed at the Same Time?,1.2M views,4 years ago,https://www.youtube.com/watch?v=q2xk3Z5061U
What If a Wormhole Formed in Our Solar System?,818K views,4 years ago,https://www.youtube.com/watch?v=UnwrooAPyo8
What If the Sahara Desert Was Covered With Solar Panels?,4.6M views,4 years ago,https://www.youtube.com/watch?v=CS3bBO05fpU
What If You Were the Last Person on Earth?,6M views,4 years ago,https://www.youtube.com/watch?v=fdCDQIyXGnw
What If The Earth Had Two Moons?,1.9M views,4 years ago,https://www.youtube.com/watch?v=GPVoIoj4saY
What If We Built an Elevator to Space?,435K views,4 years ago,https://www.youtube.com/watch?v=oeZxTb6LqPU
What If We Built a Dyson Sphere Around the Sun?,664K views,4 years ago,https://www.youtube.com/watch?v=4PuV8AccRYA
What If We Sent All Our Garbage Into Space?,1.1M views,4 years ago,https://www.youtube.com/watch?v=nFFLnO6e0Es
What If You Were Born on a Space Station?,2.2M views,4 years ago,https://www.youtube.com/watch?v=QmXR46TrbA8
What If There Was a Meal Replacement Pill?,269K views,4 years ago,https://www.youtube.com/watch?v=tXbkwi-nwB4
What If Humans Became Cold-Blooded?,510K views,4 years ago,https://www.youtube.com/watch?v=Or8VK-pJBkI
What If the Ocean Was Transparent?,2.8M views,4 years ago,https://www.youtube.com/watch?v=DBAHdc_-bHA
What If Earth Lost All Its Coral Reefs?,69K views,4 years ago,https://www.youtube.com/watch?v=Pcau276KN0I
What If Your DNA Suddenly Disappeared?,366K views,4 years ago,https://www.youtube.com/watch?v=RAOK40pyhxM
What If The Moon Landing Was Faked?,377K views,4 years ago,https://www.youtube.com/watch?v=22ezD5l2SQU
What If Earth Suddenly Stopped Spinning?,1.7M views,4 years ago,https://www.youtube.com/watch?v=tHELVEpWUJQ
What If We Detonated a Nuclear Bomb on the Moon?,1M views,4 years ago,https://www.youtube.com/watch?v=e2Si67zozpI
What If We Are Not the First Advanced Civilization on Earth?,1.2M views,4 years ago,https://www.youtube.com/watch?v=wlEJZwevXqg
What If You Had One Hundred Billion Dollars,1.9M views,4 years ago,https://www.youtube.com/watch?v=SIhwVysyi6I
What If Money Didn't Exist?,548K views,4 years ago,https://www.youtube.com/watch?v=DHho8Pa0O6I
What If the Earth Was Tidally Locked to the Sun?,466K views,4 years ago,https://www.youtube.com/watch?v=fVc6S15TFK8
What If We Had Two Suns?,1.3M views,4 years ago,https://www.youtube.com/watch?v=GnzWgcVMdq0
What If You Had to Repopulate the Planet?,1.3M views,4 years ago,https://www.youtube.com/watch?v=W_mxyHXgB-A
What If Earth Suddenly Lost Its Atmosphere?,529K views,4 years ago,https://www.youtube.com/watch?v=Ehzzm4rjJj8
What If Everyone Turned off Their Lights at the Same Time?,1.4M views,4 years ago,https://www.youtube.com/watch?v=h1PZd6rA_eU
What If NASA Had the U.S. Military's Budget?,535K views,4 years ago,https://www.youtube.com/watch?v=16s56-tLOYA
What If the Internet Stopped Working?,927K views,4 years ago,https://www.youtube.com/watch?v=woaKYa9X2Ic
What If We Started Mining Asteroids?,467K views,4 years ago,https://www.youtube.com/watch?v=1XUk_6_K_fk
What If We Stopped Recycling?,139K views,4 years ago,https://www.youtube.com/watch?v=8fFJOzXxB54
What If You Lived Fifty Years in the Future?,2.1M views,4 years ago,https://www.youtube.com/watch?v=DYqAATriiAE
What If You Stepped Into The Vacuum of Space?,268K views,4 years ago,https://www.youtube.com/watch?v=zo26uXcZBho
What If All the World's Ice Melted?,2.9M views,4 years ago,https://www.youtube.com/watch?v=qnRPHmrPQjU
What If Insects Disappeared From The Planet?,843K views,4 years ago,https://www.youtube.com/watch?v=TyLTrejawx4
What If All Humans Suddenly Disappeared From The Earth?,1.1M views,4 years ago,https://www.youtube.com/watch?v=EWXdTwFHETA
What If The Universe Stopped Expanding?,681K views,4 years ago,https://www.youtube.com/watch?v=wlBtmqJam6A
What If All Cars Were Electric?,402K views,4 years ago,https://www.youtube.com/watch?v=r4XJfGpIxzI
What If We Could Breathe Underwater?,1.5M views,4 years ago,https://www.youtube.com/watch?v=766V-KZvmP0
What If We Stopped Burning Fossil Fuels RIght Now?,262K views,4 years ago,https://www.youtube.com/watch?v=v2aShVTMMNc
What If an Asteroid Hit the Earth?,1.6M views,4 years ago,https://www.youtube.com/watch?v=HFjCBstBnj8
What If Machines Took Over?,276K views,4 years ago,https://www.youtube.com/watch?v=ja6jLWbbOik
What If Earth’s Magnetic Poles Flipped?,248K views,4 years ago,https://www.youtube.com/watch?v=t5sF8GEvj5E
What If You Cloned Your Body?,261K views,4 years ago,https://www.youtube.com/watch?v=UqStQ6csTCE
What If The Sun Was Smaller Than The Earth?,3.9M views,4 years ago,https://www.youtube.com/watch?v=BWVIQKKhWWM
What If The Earth Was a Cube?,1.8M views,4 years ago,https://www.youtube.com/watch?v=WhT7XIZh7vM
What If the Milky Way and Andromeda Galaxies Collided?,1.4M views,4 years ago,https://www.youtube.com/watch?v=nKy9anN-kD4
What If The Earth’s Core Cooled Down?,1.2M views,4 years ago,https://www.youtube.com/watch?v=aLMYq4SSl40
What If We Could Communicate From Brain to Brain?,122K views,4 years ago,https://www.youtube.com/watch?v=bRDoZOF1Dgk
Can Mars Support Life?,1.7M views,4 years ago,https://www.youtube.com/watch?v=BEnOzPcleRw
What If All of the Volcanoes on Earth Erupted at Once?,1.2M views,4 years ago,https://www.youtube.com/watch?v=OlgMWMb_Dgk
What If You Stopped Sleeping?,6M views,4 years ago,https://www.youtube.com/watch?v=7Ss5vZyduWc
What If Plastic Was Never Invented?,1.7M views,4 years ago,https://www.youtube.com/watch?v=-EEMit5sr5s
What If You Made an Actual Model of the Periodic Table?,145K views,4 years ago,https://www.youtube.com/watch?v=E1hiCeEqLTo
What If The Earth Spun Twice as Fast,1.5M views,4 years ago,https://www.youtube.com/watch?v=EZV_1cSSD-c
What If the Moon Fell to Earth?,1.8M views,4 years ago,https://www.youtube.com/watch?v=jGzsub7gh2g
What If Dinosaurs Never Went Extinct?,1.7M views,4 years ago,https://www.youtube.com/watch?v=V_EdWuqNF7o
What If We Lost The Moon?,1.1M views,4 years ago,https://www.youtube.com/watch?v=EFmPZv7LIdo
What If You Fell Into a Black Hole?,12M views,4 years ago,https://www.youtube.com/watch?v=lwe5KTdzSHg
What If You Dug a Hole Through the Earth?,2M views,4 years ago,https://www.youtube.com/watch?v=GKdXDynqFhs
What If the Sun Suddenly Disappeared?,342K views,4 years ago,https://www.youtube.com/watch?v=e8r97r42wEo
What If All the Continents Joined together?,1.5M views,4 years ago,https://www.youtube.com/watch?v=TqLSqmg8HSU
What If All Ice Melted: Cities in a World Without Ice,42K views,4 years ago,https://www.youtube.com/watch?v=hwEQQgfvJ1g
The Earth Is a Cube: What If Our Planet Was Cube Shaped?,42K views,4 years ago,https://www.youtube.com/watch?v=32LkVjOSEkE
What If Time Travel Was Possible?,1.5M views,4 years ago,https://www.youtube.com/watch?v=tlEPaui_Poo
What If We Terraformed the Moon?,1.5M views,4 years ago,https://www.youtube.com/watch?v=2M5cavBR5Zc
What If Earth Was in Fact Flat?,2M views,4 years ago,https://www.youtube.com/watch?v=_-HhCwYD7rc
What If a Rogue Planet Entered Our Solar System?,1.8M views,4 years ago,https://www.youtube.com/watch?v=VwcfkzxNre4
What If We Drained the Oceans?,3.1M views,4 years ago,https://www.youtube.com/watch?v=RNFbU-LRIgg
What If Everyone in the World Went Vegan?,633K views,4 years ago,https://www.youtube.com/watch?v=gsM_CAEURKo
"What If, an Epic Exploration of Possibilities.",322K views,4 years ago,https://www.youtube.com/watch?v=WDmT9BYzUxY
Video Heading,Total Views,Video Uploaded,Video Link
PRINCESS GETS READY FOR SCHOOL ✨ Magical DIY Ideas For Parents,11K views,2 hours ago,https://www.youtube.com/watch?v=f95bJYP3Qew
FUN SCHOOL GADGETS AND DRAWING IDEAS,149K views,22 hours ago,https://www.youtube.com/watch?v=_HJJP7DE2s4
EMERGENCY HACKS FOR PARENTS || Smart Parenting Guide,86K views,1 day ago,https://www.youtube.com/watch?v=EWvEPyHyfvQ
RICH vs POOR || VIRAL SCHOOL HACKS AND CRAFTS,210K views,1 day ago,https://www.youtube.com/watch?v=4HRC_HaPk2s
EASY DOLL DIYS || Amazing Doll Transformations,96K views,2 days ago,https://www.youtube.com/watch?v=Evs6uPiS_nU
I MADE A PLAYHOUSE FOR MY KIDS! Room Makeover Ideas For Crafty Parents,63K views,2 days ago,https://www.youtube.com/watch?v=XVcMaj0gHHc
ADORABLE SCHOOL CRAFTS YOU SHOULD SEE || EASY SCHOOL HACKS,235K views,3 days ago,https://www.youtube.com/watch?v=-ziPDaqKy1I
FUN FIDGET TOYS || HOW TO ENTERTAIN YOUR KIDS,95K views,3 days ago,https://www.youtube.com/watch?v=JtKXUfmrrTI
HOW TO SNEAK FOOD INTO CLASS? Best School Hacks And Crafts,256K views,4 days ago,https://www.youtube.com/watch?v=QN_Phw31LgE
YUMMY AND EASY SNACK IDEAS YOU SHOULD TRY,102K views,5 days ago,https://www.youtube.com/watch?v=210e57JgIa0
EMERGENCY HACKS FOR ALL OCCASIONS || First-Aid Tips For Smart Parents,297K views,5 days ago,https://www.youtube.com/watch?v=eC5R2Kv_yfY
COOL SCHOOL CRAFTS AND USEFUL STUDY HACKS,194K views,6 days ago,https://www.youtube.com/watch?v=H9Ao9m1jYv0
NEW AMAZING HAIRSTYLE FOR YOUR DOLL || Transformation of doll to Pokemon 💛,176K views,6 days ago,https://www.youtube.com/watch?v=ECXsickGKSc
RAINBOW BATHROOM MAKEOVER 🌈 Genius Cleaning Hacks,134K views,7 days ago,https://www.youtube.com/watch?v=mdGC7el0YPM
FUNNY FINGER DRAWINGS AND DOODLE IDEAS,177K views,7 days ago,https://www.youtube.com/watch?v=c6wguGEfnYo
WOW 🌈 FANTASTIC RAINBOW HACKS AND DIY IDEAS,291K views,8 days ago,https://www.youtube.com/watch?v=aLGAz8vdCFw
AMAZING DOLL CRAFTS || DIY Clothes And Accessories For Dolls,228K views,8 days ago,https://www.youtube.com/watch?v=v700cQ0ZNeM
EASY DRAWING IDEAS AND COOL PAINTING TECHNIQUES FOR BEGINNERS,247K views,9 days ago,https://www.youtube.com/watch?v=DB8clch0Eik
COOL GADGETS AND HACKS FOR SMART PARENTS,163K views,9 days ago,https://www.youtube.com/watch?v=Ml1Rf2itXi8
DIY MINI HOUSE FOR HAMSTER || Building House For Cats And Dogs,58K views,10 days ago,https://www.youtube.com/watch?v=0TwFPVmfuoY
BACK TO SCHOOL! VIRAL CRAFTS AND HACKS FOR SCHOOL,233K views,10 days ago,https://www.youtube.com/watch?v=CYVM8DUcGqw
PINK 💗 or BLACK? 🖤|| Try these RAINBOW Feet Hacks by 5-Minute Crafts,404K views,11 days ago,https://www.youtube.com/watch?v=YqgHuyR2O_M
GENIUS GADGETS AND HACKS FOR YOUR LOVELY PETS,118K views,11 days ago,https://www.youtube.com/watch?v=WPvbssOH7SQ
GENIUS BATHROOM HACKS || DIRTY BATHROOM TRANSFORMATION,185K views,12 days ago,https://www.youtube.com/watch?v=OUyphGztfPA
SMART SCHOOL HACKS AND ART IDEAS,1M views,12 days ago,https://www.youtube.com/watch?v=9mB671lgOBw
100+ SMART HACKS FOR CRAFTY PARENTS,232K views,13 days ago,https://www.youtube.com/watch?v=bA4EOOxWnIc
AWESOME JEWELRY CRAFTS AND MINIATURE IDEAS,70K views,13 days ago,https://www.youtube.com/watch?v=NeUHNCgo8IA
HOW TO SNEAK MAKEUP AND SNACKS || AWESOME FOOD TRICKS,198K views,2 weeks ago,https://www.youtube.com/watch?v=9gtmiMcEwas
